RESOURCE,MGR_ID,ROLE_ROLLUP_1,ROLE_ROLLUP_2,ROLE_DEPTNAME,ROLE_TITLE,ROLE_FAMILY_DESC,ROLE_FAMILY,ROLE_CODE,target
20338,7338,117961,118225,118616,118321,240983,290919,118322,1
75901,5047,117961,118300,127284,118826,236735,118424,118828,1
79092,46224,117961,118327,118378,120952,120953,118453,120954,1
39633,87,117961,118446,118447,118321,117906,290919,118322,1
75633,8126,117961,118327,118320,117905,117906,290919,117908,1
18278,2612,117961,118327,123901,118321,117906,290919,118322,1
1028,49850,117961,118413,122007,118259,118260,290919,118261,1
16524,4567,117961,118300,118514,118054,287351,117887,118055,1
16282,16588,119920,119921,137107,118321,117906,290919,118322,0
15369,17727,118169,118170,118171,118172,118173,249618,118175,1
79092,5228,119596,119597,168533,120789,301124,118424,120791,0
78749,17713,117961,118225,120663,124194,127527,118363,124196,1
27755,19881,118006,118007,117941,117879,117897,19721,117880,1
25993,7530,117961,118300,118514,1.18E+05,168365,118205,118319,1
75834,5916,117961,118446,16232,117905,117906,290919,117908,1
14354,4135,117890,118102,117878,117899,123862,19721,117900,1
31700,5666,122880,122974,117945,117946,149568,292795,117948,1
45532,61016,119596,119597,119703,118912,174408,118424,118914,1
42085,4733,118290,118291,120126,118980,166203,118295,118982,1
20364,4909,117961,118300,118458,120497,223125,118424,120499,1
42367,50511,118006,118007,117884,117899,117897,19721,117900,1
6977,151425,119062,119091,118514,119962,168365,118205,119964,1
23181,67615,117932,117933,117878,118568,310414,19721,118570,1
16503,2149,118550,118551,120559,118054,118443,117887,118055,1
33080,8701,117961,118327,121787,130479,249508,119784,130481,1
34884,58865,117961,118446,119064,118702,142652,118704,118705,1
3130,71189,117961,118386,128823,118318,168365,118205,118319,1
40997,7067,117961,118225,118403,1.18E+05,117906,290919,118322,1
34861,3197,117961,118386,120361,118321,117906,290919,118322,1
849,851,117961,117962,122215,118321,117906,290919,118322,1
16411,16566,117961,118327,120559,118054,124424,117887,118055,1
70806,718,117961,118300,119181,118259,126363,290919,118261,1
33111,33112,118212,118213,120551,117905,240983,290919,117908,1
79121,4110,119596,119597,118292,138137,177534,118424,138139,1
15064,3211,117961,118446,120368,118054,118054,117887,118055,1
3719,7339,117961,118300,118360,124194,130884,118363,124196,1
36828,48656,117926,117927,117920,118568,281735,19721,118570,0
79121,13864,117961,118446,123858,119849,244844,118638,119851,1
23194,820,117961,118300,123719,118777,279443,308574,118779,1
79934,4511,117961,118300,119181,117905,290919,290919,117908,1
43952,23228,117961,118446,118471,130528,255657,118474,120364,1
25993,80499,91261,118026,119734,122345,240337,118667,122346,1
15672,2781,117961,118300,118360,119849,310589,118638,119851,1
44874,34459,117961,118225,118403,118685,279443,308574,118687,1
16443,3526,117961,118225,120323,119093,121698,119095,119096,1
29093,25396,118602,118603,117941,117899,118568,19721,117900,1
74978,72493,118079,118080,117878,117879,118177,19721,117880,1
33642,10087,117910,118855,117920,118568,131694,19721,118570,1
28315,48938,118169,118170,119781,118563,221815,270488,118565,1
74463,25724,118290,118291,119136,120056,155541,118474,120058,1
79625,72192,117902,117903,118507,120990,120991,118398,120992,1
27262,2858,118219,118220,118344,127847,128352,118347,127848,1
76627,30519,117961,117962,119223,118777,127897,308574,118779,1
20275,14811,117961,118343,118344,120812,120812,118638,120814,1
19989,1728,117961,118327,118507,121527,128634,118398,121529,1
74593,3889,117961,118386,121668,118685,279443,308574,118687,1
39939,23224,117961,118225,120535,118890,125128,118398,118892,1
6878,56802,118003,118004,117878,117899,117879,19721,117900,1
41314,72133,117887,118178,118940,259173,182013,292795,118943,1
74726,7019,119134,119135,118597,118777,308574,308574,118779,1
80210,46526,117961,118300,119984,123067,269406,118398,123068,1
45044,6029,118216,118217,118810,118811,309981,19793,118813,1
75834,5541,117961,118300,118514,118321,117906,290919,118322,1
28622,8784,117961,118300,119890,118422,147040,118424,118425,1
73107,49772,91261,118026,118746,118747,126309,118453,118749,1
80213,46476,117902,117903,120171,117905,117906,290919,117908,1
79092,5240,118887,118888,127284,118912,309291,118424,118914,1
3069,3120,117961,118300,120312,118792,255249,118424,118794,1
34518,4341,117961,118300,118957,118321,117906,290919,118322,0
75447,4565,117961,118386,121961,118784,117906,290919,118786,1
105471,49574,117961,118327,118391,117905,117906,290919,117908,1
25993,13822,117961,118300,127849,127850,311360,118424,127851,1
36429,46658,117961,119256,119257,118995,118806,292795,118997,1
75631,2014,117961,117962,117904,119949,311441,290919,119951,1
25993,994,117961,118300,120312,120516,123107,120518,120519,1
6720,7460,117961,118300,118783,118784,118785,290919,118786,1
25993,49521,117961,118300,123055,120006,150350,118424,120008,1
79121,15413,117961,118343,120270,311867,130382,118478,118479,1
78849,5238,119596,119597,118053,118207,174445,270488,118209,1
79992,70066,91261,118026,118202,119962,168365,118205,119964,1
41594,13784,117961,118327,125144,119849,236061,118638,119851,1
42031,71391,117961,118386,118522,118259,230101,290919,118261,1
20281,58694,117916,118011,117912,117879,117897,19721,117880,1
41582,2343,119691,119692,118635,122967,311441,119695,122969,1
72168,5330,117961,118052,118867,118685,279443,308574,118687,1
42636,6220,117961,118327,121645,120690,120691,290919,120692,1
100929,17006,117902,118041,118623,117946,118806,292795,117948,1
33989,3230,117961,118386,121961,120348,249620,118295,120350,1
34503,2641,117961,118327,118391,118321,117906,290919,118322,1
15868,85475,117961,118300,120410,118784,117906,290919,118786,1
6977,7505,117961,118300,119195,117905,117906,290919,117908,1
29100,1755,117961,117962,119223,125793,139296,118643,125795,1
3826,196,117961,118413,121639,129909,130134,118453,129911,1
4675,55895,117961,118343,118979,118777,279443,308574,118779,1
13878,13386,118219,118220,118221,118568,268194,19721,118570,1
44722,70134,117961,117962,126930,134095,147818,118474,118475,1
1020,53338,117961,117962,122215,179731,137925,117887,117973,1
75477,4724,117961,118386,118896,121414,127581,118704,121416,1
78543,18213,117961,118386,118746,118747,160002,118453,118749,1
26356,16850,117961,118225,119092,120591,120592,119095,120593,1
17226,17227,117961,118343,118979,118826,158101,118424,118828,1
6977,5916,117961,118446,16232,122551,128532,118762,122552,1
35955,26320,117961,118327,118391,117905,240983,290919,117908,1
25831,51740,118752,119070,118754,118805,130913,118474,118807,1
43425,25618,117961,118225,118320,120690,120691,290919,120692,1
77375,5.62E+04,118602,118603,118008,118568,118568,19721,118570,0
15022,3967,117961,118052,118706,117905,117906,290919,117908,1
74550,3053,117961,118225,120663,124886,132017,118643,124888,1
76299,50322,117959,117960,119424,179731,119617,117887,117973,1
100003,1012,117961,118225,119924,118321,117906,290919,118322,1
79121,79111,117961,118343,149210,118293,310608,118295,118296,1
6977,7547,117961,118327,118933,117905,117906,290919,117908,1
87091,3944,117961,118343,118514,117905,240983,290919,117908,1
81305,50997,117961,118052,119408,117905,117906,290919,117908,1
732,770,117961,118300,118437,118451,130134,118453,118454,1
17226,4100,118290,118291,120291,119928,278266,118331,119929,0
73798,1550,117961,118225,123173,118054,120514,117887,118055,1
6712,7510,117961,118446,118684,118784,118785,290919,118786,1
19666,56153,117961,117969,19666,179731,179731,117887,117973,1
80920,3973,118887,118888,118631,120789,309694,118424,120791,1
34924,34826,118555,118178,118320,118321,117906,290919,118322,1
80546,2062,117961,118327,119830,120773,118959,118960,120774,1
34801,2803,117961,117962,126930,119587,145659,118704,119589,1
278393,70130,118595,118596,81476,118826,158101,118424,118828,1
100976,4478,117961,118386,118746,117905,240983,290919,117908,1
42085,51124,117961,118300,118631,118422,161852,118424,118425,1
77332,6137,117961,118225,119924,118259,117906,290919,118261,1
40189,7893,117961,118343,118979,119433,133686,118424,119435,1
80850,17759,117961,118413,122007,118685,120316,308574,118687,1
73547,17264,117961,118300,118825,307024,127752,118331,118332,1
35903,7229,117902,117903,127168,118321,117906,290919,118322,1
42610,770,117961,118300,119181,118451,130134,118453,118454,1
14354,14695,118602,118603,118008,118568,125168,19721,118570,1
34714,25618,117961,118327,118320,118784,121556,290919,118786,1
16985,7578,117961,118343,118437,117905,117906,290919,117908,1
14354,71279,118219,118220,118221,117899,117897,19721,117900,1
23497,124625,118725,118726,119076,1.18E+05,300136,118424,1.18E+05,1
23961,16101,119134,119135,118970,118396,305245,118398,118399,1
42006,85475,117961,118300,120410,118321,117906,290919,118322,1
41758,294953,118315,118316,179069,118636,128316,118638,118639,1
22682,17759,117961,118413,122007,118685,120316,308574,118687,1
80605,5211,118290,118291,119837,118980,261436,118295,118982,1
38470,51104,117876,117877,117878,117879,117879,19721,117880,1
45408,28241,119170,119171,118522,129229,200658,119788,129231,1
20487,2983,117961,118343,118700,118784,165715,290919,118786,1
80579,23440,117961,117962,118409,118523,310608,118331,118525,1
81458,23225,117961,118300,119984,120647,311441,118398,120649,1
45904,19839,117961,118300,123201,118321,117906,290919,118322,1
74099,1999,118084,118085,131868,128093,139264,119184,128095,1
27729,3281,117961,118225,120323,120591,120592,119095,120593,1
103890,3225,117961,118327,118929,118685,279443,308574,118687,1
75078,15378,118315,118316,125316,119849,168284,118638,119851,1
38704,24708,117916,118011,118599,179731,164223,117887,117973,1
73543,84780,120864,121013,121961,118826,174005,118424,118828,1
75334,18213,117961,118386,125016,118451,126309,118453,118454,1
77098,6870,117978,119216,117941,117885,117913,117887,117888,1
74310,7578,117961,118343,120722,118321,117906,290919,118322,0
79092,15990,117961,118413,125133,119849,128470,118638,119851,1
20222,46663,118256,118257,118623,118995,118806,292795,118997,1
34635,4125,118887,118888,121108,120006,311746,118424,120008,1
4675,54618,117961,118052,118821,118321,117906,290919,118322,1
79693,7560,117961,118300,119195,117905,117906,290919,117908,1
73863,92371,118315,118463,119214,118321,117906,290919,118322,1
33230,56663,117902,117903,118507,118028,118368,117887,118030,0
15365,50997,91261,118026,118202,119962,168365,118205,119964,1
42801,81619,118990,118991,118992,117905,120828,290919,117908,1
74164,4533,117961,118343,118700,118321,117906,290919,118322,1
38721,4757,118212,118213,118458,119849,290535,118638,119851,1
23842,7388,117961,118225,118616,118318,168365,118205,118319,1
75834,23136,117961,118052,119742,118321,117906,290919,118322,1
312089,15781,117961,118300,118395,118890,305057,118398,118892,1
19989,27104,117961,118327,118507,118863,127778,118398,118865,1
39600,7553,117961,118225,118403,117905,240983,290919,117908,1
79092,27104,117961,118327,118507,118890,138290,118398,118892,1
34582,14889,117961,118300,118437,118321,117906,290919,118322,1
16143,53240,117876,117877,117878,117879,167135,19721,117880,1
32270,120114,118725,118726,119076,118422,124426,118424,118425,1
28294,18686,117961,118386,121883,118321,117906,290919,118322,1
75901,3993,117961,118343,119598,124576,124577,118424,124578,1
27124,5899,117961,118327,120318,118641,120319,118643,118644,1
15020,53190,117961,118300,19772,307024,200314,118331,118332,1
3853,5730,117961,118446,118597,120578,137493,118762,120580,1
37445,1755,117961,117962,119223,125793,146749,118643,125795,1
972,4918,117961,118300,123055,120344,311360,118424,120346,1
41371,56783,118216,118217,117920,117879,117886,19721,117880,1
34954,28590,117961,118327,120685,118685,123678,308574,118687,1
117188,7023,117961,117962,119223,118278,118260,290919,118279,1
2341,169,117961,118413,121639,117905,287626,290919,117908,1
31661,49323,118990,118991,118992,118321,117906,290919,118322,1
89148,20105,117961,117969,120823,1.24E+05,133415,118960,1.24E+05,1
36511,60941,117951,117952,118810,119899,310825,19793,119900,1
41128,51127,117961,118446,120368,117905,117906,290919,117908,1
17849,31000,117961,118446,119969,123082,123083,19793,123084,1
33033,15746,117961,118052,119742,117905,117906,290919,117908,1
80195,1483,117961,117962,118840,118641,306399,118643,118644,1
23096,1397,117961,118300,120722,118321,117906,290919,118322,1
75834,49655,117961,118446,122550,117905,117906,290919,117908,1
40918,4571,117961,118225,119924,118685,279443,308574,118687,1
5891,44917,117961,117962,118450,118054,120325,117887,118055,1
27306,1755,117961,117962,119223,125793,305057,118643,125795,1
75270,70243,117961,118327,118492,129909,129910,118453,129911,1
38717,119058,118079,118080,117878,117879,118177,19721,117880,0
75901,25686,118541,118542,118562,126138,127068,124136,126140,1
27755,19547,118742,118743,117941,117879,117897,19721,117880,1
23148,6199,117961,118225,120663,118321,117906,290919,118322,1
36303,14815,117961,118327,118320,123045,123107,120518,123047,1
41235,25323,118006,118007,117920,117899,117897,19721,117900,1
45258,5079,117961,118300,127284,120789,284092,118424,120791,1
79299,15625,118169,118170,119796,119849,310589,118638,119851,1
70811,25237,117961,117962,118910,118321,117906,290919,118322,1
79121,2395,117961,118300,123055,118728,301534,118295,118730,1
17825,89939,117961,118413,122007,128230,302830,4673,128231,1
27122,56112,120140,120141,118492,118451,125738,118453,118454,1
79285,7460,117961,118300,118783,118784,147114,290919,118786,1
16437,4659,117961,118225,120663,118321,117906,290919,118322,1
45337,17615,117961,118052,122392,120097,174445,270488,120099,1
44914,782,117961,118413,127522,118321,240983,290919,118322,1
2997,1397,117961,118300,120722,118321,117906,290919,118322,1
79092,2594,117961,118300,123472,117905,117906,290919,117908,1
20271,69071,117916,118011,117920,118568,300163,19721,118570,1
14848,15409,117943,117944,117945,118274,207240,292795,118276,1
115928,7344,117961,118225,120663,123045,143748,120518,123047,1
80771,4413,117961,118343,118833,117905,117906,290919,117908,1
75052,18213,117961,118386,118692,118451,200947,118453,118454,1
35498,16024,117961,118300,119984,120647,311441,118398,120649,1
38391,213600,118095,118096,118008,1.18E+05,118097,117887,1.18E+05,1
6977,13820,117961,118343,119796,120516,256206,120518,120519,1
27124,86299,117961,118327,120318,117905,117906,290919,117908,1
74310,1030,117961,118343,120722,124194,147669,118363,124196,1
25883,59312,118550,118551,118378,118054,311261,117887,118055,1
76436,48938,118169,118170,118042,118043,285669,270488,118046,1
52684,24099,117916,118011,118599,179731,148617,117887,117973,1
36480,123313,118290,118291,118171,118172,118173,249618,118175,1
81520,1350,117961,118052,122938,117905,117906,290919,117908,1
34483,14952,117961,117962,119223,118054,124424,117887,118055,1
80902,15566,120864,120865,128639,149337,311058,118398,149339,1
40867,20931,118315,118316,151108,124194,268301,118363,124196,1
74142,2371,117961,117962,118501,118502,308462,118504,118505,1
20097,1755,117961,117962,119223,125793,146749,118643,125795,1
2609,2610,117961,118327,121979,118321,240983,290919,118322,1
33217,1467,117961,118343,118833,118834,127160,118424,118836,1
39473,7490,118349,118350,122672,130857,125539,308574,130858,1
43170,4478,117961,118386,118692,1.18E+05,117906,290919,1.18E+05,1
79092,25242,118555,118178,118320,118641,306399,118643,118644,1
20897,126165,117961,118343,127491,118530,278014,118131,118532,1
35792,5496,91261,118026,118202,117905,117906,290919,117908,1
3853,15389,117961,118225,122870,119928,129017,118331,119929,1
23497,70264,117961,118343,118437,118523,311622,118331,118525,1
81402,4620,117961,118300,119181,117905,117906,290919,117908,1
42031,75114,118315,118463,118522,119928,310608,118331,119929,1
684,1505,117961,118327,4674,118321,117906,290919,118322,1
16768,3526,117961,118225,120323,119093,120324,119095,119096,1
33642,65711,118003,118004,117878,118568,292195,19721,118570,0
7543,27147,117961,118343,122299,119949,121350,290919,119951,1
18473,124925,117961,118225,122273,118321,240983,290919,118322,1
41497,51453,118114,118115,117920,117879,117886,19721,117880,1
18072,16900,118256,118257,118623,126684,193644,292795,126685,1
31983,22853,117961,118386,118896,119849,182753,118638,119851,1
92251,27104,117961,118327,118507,118890,311441,118398,118892,1
16767,16850,117961,118225,122298,120591,127477,119095,120593,1
40069,4449,117961,118300,118825,118054,118054,117887,118055,1
37094,70062,117961,118386,118387,117905,117906,290919,117908,1
34365,52108,117961,118343,119993,117905,117906,290919,117908,1
42093,17253,117961,118052,120398,1.20E+05,310997,118424,1.20E+05,1
20351,3005,117961,118413,118481,118784,117906,290919,118786,1
39883,87910,91261,118026,118027,118451,126309,118453,118454,1
41279,23989,117961,118446,118701,118702,146532,118704,118705,1
7543,1398,117961,118300,118437,117905,117906,290919,117908,0
40777,31851,118185,31010,117941,117879,117886,19721,117880,1
4675,13812,117961,118225,118320,118784,118785,290919,118786,1
33642,25765,118006,118007,117941,118568,292195,19721,118570,1
25313,55805,117961,118343,118856,118685,122058,308574,118687,1
32270,2710,118290,118291,120823,118396,269406,118398,118399,1
34581,770,117961,118300,120722,118451,142600,118453,118454,1
20294,56776,117916,117917,117941,118568,128163,19721,118570,1
33146,7913,117961,117962,120677,122067,120065,118424,122069,1
40919,101330,118315,118463,118522,118465,145194,118467,118468,1
40059,50952,117961,118327,118929,118321,117906,290919,118322,0
81350,7265,117961,118343,119598,1.18E+05,240983,290919,118322,1
25628,3954,117961,118343,120291,118422,300136,118424,118425,1
80741,120822,119596,119597,120823,1.21E+05,311441,118398,1.21E+05,1
77300,75256,120864,120865,119796,126820,294510,118638,126822,1
26913,15784,117961,118343,128639,118777,279443,308574,118779,0
14939,3053,117961,118225,120663,118641,306399,118643,118644,1
44874,14752,119134,119135,120054,118321,117906,290919,118322,1
25993,2270,117961,118413,277693,120773,155692,118960,120774,1
45589,56201,91261,118026,118746,119962,168365,118205,119964,1
23096,820,117961,118300,123719,118321,118406,290919,118322,1
74310,4933,117961,118300,118458,307024,215389,118331,118332,1
79889,13827,117961,118343,118514,1.19E+05,279443,308574,1.19E+05,1
43452,48938,118169,118170,118042,118043,285669,270488,118046,1
39932,2819,117961,118300,123472,118321,117906,290919,118322,1
43584,3944,117961,118343,118514,118321,117906,290919,118322,1
37763,50040,117961,118327,118391,118321,117906,290919,118322,1
36237,6232,117961,118343,118437,120516,185973,120518,120519,1
42593,51091,117887,119256,124266,118422,300136,118424,118425,1
75834,3253,117961,118446,120317,208126,133698,124487,208127,1
25231,46170,118290,118291,118889,121527,307233,118398,121529,1
82332,4566,119062,119091,118992,118028,117906,117887,118030,0
42976,17253,117961,118052,120398,118054,118054,117887,118055,1
74883,21287,117961,118225,122870,118777,253787,308574,118779,1
75443,17227,117961,118343,118979,120006,255097,118424,120008,1
42388,15887,117961,118052,120356,1.20E+05,127906,118424,120359,1
30836,16803,119596,119597,120823,118890,123957,118398,118892,1
41570,17465,91261,118026,118202,118278,118260,290919,118279,0
28149,4478,117961,118386,118692,118321,117906,290919,118322,1
16173,5541,117961,118300,118514,118321,117906,290919,118322,1
71940,18220,117961,118052,118867,117905,117906,290919,117908,1
23820,5409,117961,118343,119993,117905,240983,290919,117908,1
41570,16671,117961,118052,118706,118523,310608,118331,118525,1
75078,24973,91261,118026,118229,273308,118029,249618,118232,1
45412,31984,117910,118855,117912,118568,120119,19721,118570,0
34882,3883,117961,118343,119987,118536,132799,308574,118539,1
16764,1475,124034,124035,118575,119192,249967,119184,119194,1
44312,87,117961,118446,118447,118321,117906,290919,118322,1
33642,50495,117910,117911,117878,118568,142278,19721,118570,1
79200,39942,117961,118225,118403,118685,294485,308574,118687,1
28834,3509,118752,119070,118042,118043,118043,270488,118046,1
96929,23804,117961,118413,120526,118784,130730,290919,118786,1
78184,4341,117961,118300,118957,118784,213944,290919,118786,1
28842,901,117902,117903,120428,117905,117906,290919,117908,1
71430,28590,117961,118327,120685,117905,240983,290919,117908,1
7543,4933,117961,118300,118458,307024,301218,118331,118332,1
34988,4972,117961,118052,118395,120647,311441,118398,120649,1
81296,1325,117961,117962,118910,117905,240983,290919,117908,1
18418,51311,117961,118343,121747,119928,136239,118331,119929,1
17795,1334,117961,117962,118910,119949,230830,290919,119951,1
23987,5043,117961,118300,118458,120344,310997,118424,120346,0
78570,50814,117989,117990,131868,119192,277815,119184,119194,1
31222,44062,117961,117962,118910,118321,117906,290919,118322,1
32270,52735,117961,118052,120356,122067,127906,118424,122069,1
39939,53282,118290,118291,120211,117985,121679,19793,117987,0
14666,82284,118953,118954,117884,117885,117913,117887,117888,1
36429,15570,117961,118343,117945,119849,129519,118638,119851,1
4675,21135,117961,118343,123494,118321,117906,290919,118322,1
25269,58865,117961,118446,119064,120097,139690,270488,120099,1
74096,23200,117961,118343,123125,118784,117906,290919,118786,1
5451,6278,117961,118343,120722,118321,117906,290919,118322,1
4675,14839,138798,138799,120539,120952,130134,118453,120954,1
4675,13876,117961,118386,118404,117905,117906,290919,117908,1
20299,58590,118953,118954,117884,118568,146968,19721,118570,0
80929,4933,117961,118300,118458,307024,301218,118331,118332,1
42508,25276,117961,118343,121747,118321,117906,290919,118322,1
39262,7084,117961,118386,121961,118321,117906,290919,118322,1
77939,35976,122532,123330,118317,1.31E+05,258874,119695,130638,1
95384,30533,91261,118026,119507,123045,123107,120518,123047,1
20351,8686,117961,118327,119830,118054,118054,117887,118055,1
19722,7491,117961,118300,119181,118784,118785,290919,118786,1
6921,1930,122880,122974,122870,120097,281292,270488,120099,1
23990,124899,117961,118327,120171,118890,182227,118398,118892,1
28817,718,117961,118300,119181,118641,153273,118643,118644,1
75901,4933,117961,118300,118458,120006,311622,118424,120008,1
16464,6083,117961,117962,122224,118784,117906,290919,118786,1
75078,10987,119170,119171,140453,143183,218938,119788,143185,1
42085,19839,117961,118300,120722,118685,120316,308574,118687,1
105803,32457,117961,118327,118320,118321,117906,290919,118322,1
80845,5396,117961,118343,119993,118321,240983,290919,118322,1
1020,8068,117961,118386,118635,118321,117906,290919,118322,1
75507,5997,117961,118446,16232,118321,117906,290919,118322,1
39331,17326,117961,118386,118746,133306,135146,118205,133308,1
25993,17264,117961,118300,118825,118459,251992,249618,118461,1
917,5043,117961,118300,118458,1.20E+05,310997,118424,1.20E+05,1
74686,2062,117961,118327,119830,1.19E+05,131444,308574,1.19E+05,1
15710,16816,117961,118300,119984,120647,311441,118398,120649,1
21448,1466,117961,118300,123749,125010,157062,118424,125012,1
33642,13971,119615,119616,117895,118568,281735,19721,118570,1
73789,4853,118887,118888,120126,118172,301534,249618,118175,1
27416,71163,117910,117911,117912,117879,117886,19721,117880,0
94167,61948,118163,118164,117878,119192,123881,119184,119194,1
42085,20543,118169,118170,118556,117946,125711,292795,117948,1
38704,36010,117893,117894,117895,117896,117897,117887,117898,1
19965,60121,121785,121786,142145,118321,156948,290919,118322,1
391,51095,117926,118124,118344,179731,130424,117887,117973,1
16358,17225,117961,118300,19772,138019,187788,120518,138021,1
43963,4565,117961,118386,121961,117905,117906,290919,117908,1
75834,7022,119062,119091,118535,118321,117906,290919,118322,1
25103,141,117961,118225,122273,118321,117906,290919,118322,1
42376,54258,117890,118102,117878,118568,292195,19721,118570,1
4673,3692,117961,118413,126229,118784,117906,290919,118786,1
153,154,117961,118413,121639,118784,118785,290919,118786,1
17825,2327,117961,118300,119195,128230,302830,4673,128231,1
94161,26320,117961,118327,118391,118321,117906,290919,118322,1
52683,50426,117980,118076,117912,117885,117913,117887,117888,1
22863,46254,117961,118327,126310,124886,123881,118643,124888,1
44655,3811,120864,121013,118395,118396,269406,118398,118399,1
20226,794,118752,119070,117945,280788,152940,292795,119082,1
78563,131441,117961,118343,118292,119433,133686,118424,119435,1
75078,7913,117961,117962,120677,122067,297566,118424,122069,1
76855,5244,117961,118343,119598,117905,117906,290919,117908,1
18072,3936,117943,117944,117945,1.18E+05,129282,292795,1.18E+05,1
111090,7519,91261,118026,118202,118784,124402,290919,118786,1
26808,1080,117961,118327,118378,118451,123137,118453,118454,1
28507,58466,118602,118603,117920,118568,171084,19721,118570,1
79324,16816,117961,118300,119984,120647,311441,118398,120649,1
4675,54290,119301,119302,119303,117905,117906,290919,117908,1
24016,16139,117961,118327,119995,118054,120514,117887,118055,1
38718,71160,117910,117911,117941,117885,117913,117887,117888,1
75078,1775,120864,121013,128516,118636,194964,118638,118639,1
44857,15570,118752,118753,117945,119849,129519,118638,119851,1
39160,7285,117961,118225,118403,119849,310589,118638,119851,1
76873,21036,117961,118327,121694,126085,306795,119221,126087,1
6502,1549,118084,118085,117884,117879,117886,19721,117880,1
17308,4474,117961,118446,119064,118321,118448,290919,118322,1
15884,52735,117961,118052,120356,122067,127906,118424,122069,1
4675,49696,117961,118052,122938,117905,117906,290919,117908,1
43305,16063,118595,118596,81476,118728,301534,118295,118730,1
23499,52108,117961,118343,119993,117905,117906,290919,117908,1
20292,65488,117926,117927,117941,117879,117886,19721,117880,1
45325,5027,117961,118343,119598,118834,133686,118424,118836,1
79121,22458,117961,117962,120677,307024,306404,118331,118332,1
33080,4669,117961,118327,118391,118321,117906,290919,118322,1
19312,20604,118095,118096,117941,117885,117913,117887,117888,1
20740,51104,117876,117877,117878,118568,189996,19721,118570,1
23921,15389,117961,118225,122870,118636,310589,118638,118639,1
971,3106,117961,118300,120312,124419,137017,118424,124421,1
80724,16541,117961,118225,120551,117905,117906,290919,117908,1
33150,56801,120864,120865,19666,120632,278014,118131,120634,1
73815,10987,119170,119171,140453,143183,218938,119788,143185,1
75834,50089,117961,118343,118514,117905,117906,290919,117908,1
79616,70264,117961,118343,118437,118523,310608,118331,118525,1
34924,4669,117961,118327,118391,118321,117906,290919,118322,1
33150,6751,117961,117969,6725,125687,256635,6725,125689,1
79299,46610,117902,118041,118556,2.81E+05,280788,292795,119082,1
31198,3526,117961,118225,120323,122849,120324,119095,122850,1
79875,240,117961,118386,118404,117905,117906,290919,117908,1
45215,58457,117926,118266,117941,117879,117886,19721,117880,1
117788,19986,117961,118225,124948,120773,136187,118960,120774,1
15716,55163,118752,118753,119121,118274,118806,292795,118276,1
80878,4642,117961,118225,120551,118685,279443,308574,118687,1
18418,16967,117961,118300,125872,120344,267223,118424,120346,1
23885,53369,119920,119921,123766,124886,148437,118643,124888,1
23194,4933,117961,118300,118458,3.07E+05,301218,118331,1.18E+05,1
5349,19645,117961,118413,118481,1.18E+05,117906,290919,1.18E+05,1
80520,16821,117961,118225,120535,118396,269406,118398,118399,1
42972,29762,117961,118052,120398,118728,128963,118295,118730,1
14570,46805,117929,117930,117920,118568,281735,19721,118570,1
44812,5717,117961,118300,124725,117905,117906,290919,117908,1
5112,15888,118595,118596,81476,120344,233010,118424,120346,1
79628,7553,117961,118225,118403,118321,117906,290919,118322,1
75639,41783,118315,118463,119214,119172,127671,118467,119174,1
21743,1855,119134,119135,117895,118568,307041,19721,118570,1
74190,743,117961,118343,120722,118784,117906,290919,118786,1
14666,58526,117890,117891,117878,118568,292195,19721,118570,1
81319,1350,117961,118052,120096,117905,117906,290919,117908,1
4675,17790,117961,118225,119924,118321,117906,290919,118322,1
79363,70264,117961,118343,118437,124435,118362,118363,124436,1
81259,101792,117961,118386,120677,123670,305057,121916,123672,1
15714,49063,118555,118178,119107,118995,119108,292795,118997,1
23921,55064,126918,126919,118042,118043,146409,270488,118046,1
20349,2078,118114,118115,117920,118568,125937,19721,118570,1
79047,4564,118212,118213,121405,117905,117906,290919,117908,1
15007,770,117961,118300,120722,118451,130134,118453,118454,1
73144,4858,118290,118291,120144,118293,118294,118295,118296,1
31918,3071,120864,120865,139897,184274,310016,151277,184276,1
4603,852,117961,117962,122215,121594,302830,4673,121596,1
79092,2983,117961,118343,118700,118321,117906,290919,118322,1
14666,61247,117910,117911,117920,119192,169561,119184,119194,1
74302,2072,118138,118139,131868,119192,308590,119184,119194,1
838,45964,117961,118386,118896,125793,125794,118643,125795,1
18072,51734,118256,118257,117945,117946,119235,292795,117948,0
74356,7991,117961,118327,118378,124000,130061,119772,124002,1
36997,59267,117961,117962,120924,307024,120925,118331,118332,1
20292,58462,117926,117927,117884,118568,281735,19721,118570,1
25993,2594,117961,118300,123472,1.19E+05,117906,290919,1.19E+05,1
38392,47641,117929,117930,117884,117879,117886,19721,117880,1
278393,51314,118595,118596,81476,118834,216197,118424,118836,1
21424,20818,119062,119063,124211,118321,117906,290919,118322,1
1020,35954,117961,117962,120924,307024,120925,118331,118332,1
74902,4588,117961,118225,118403,117905,117906,290919,117908,1
74414,61016,119596,119597,119703,118912,174408,118424,118914,1
70634,4698,117961,117962,118352,117905,117906,290919,117908,1
3853,6285,117961,118300,132427,118321,117906,290919,118322,1
80824,5409,117961,118343,119993,118321,240983,290919,118322,1
20364,15887,117961,118052,120356,123737,305057,118960,123738,1
3661,2061,117961,118327,120383,118641,306399,118643,118644,1
29100,15541,118573,118574,118556,280788,162667,292795,119082,1
18913,19051,117929,117930,117884,117879,117886,19721,117880,1
38469,13401,117980,118076,117920,120132,144303,120134,120135,1
20115,21824,117961,118446,118684,118321,117906,290919,118322,1
13878,73001,117910,118855,117884,117879,117886,19721,117880,1
3003,3005,117961,118413,118481,118784,117906,290919,118786,1
37737,58494,117918,117919,118483,117879,121445,19721,117880,1
42233,13671,117961,118327,118744,120690,120691,290919,120692,1
75078,4850,91261,118026,118027,119529,258424,119006,119531,1
80212,1409,117961,118300,118437,118321,117906,290919,118322,1
34974,15412,117961,118343,119993,119849,310589,118638,119851,1
79092,27222,117961,118327,123901,118636,310589,118638,118639,0
6977,4567,117961,118300,118514,117905,287351,290919,117908,1
31441,158757,120342,120343,118395,118396,266864,118398,118399,1
27082,4820,117961,118343,123454,119928,310608,118331,119929,1
20222,15581,118256,118257,117945,280788,280788,292795,119082,1
15064,15214,117902,118041,121678,118028,281445,117887,118030,1
25883,1958,118550,118551,118378,119192,300603,119184,119194,1
34345,36144,117961,118300,124816,118685,126297,308574,118687,1
31183,4046,117961,117962,118352,117905,117906,290919,117908,1
42694,16971,117961,118343,119993,120516,310589,120518,120519,1
706,54684,117961,117962,118910,118685,137802,308574,118687,1
80769,7525,117961,118225,120551,118784,147114,290919,118786,1
80897,6999,117961,118343,121747,1.18E+05,117906,290919,118322,1
28361,16244,117961,118327,120318,117905,117906,290919,117908,1
3003,19642,117961,118413,118481,118777,270977,308574,118779,1
40867,17460,117961,118052,118867,119928,310608,118331,119929,1
80174,16816,117961,118300,119984,120647,311441,118398,120649,1
20364,5659,117961,118300,124725,118321,117906,290919,118322,1
28550,76530,118003,118004,117878,117899,117879,19721,117900,1
28294,23347,117961,118052,119408,118685,279443,308574,118687,1
20739,93720,118219,118220,117920,117899,303830,19721,117900,1
35376,112659,118315,118463,123656,118321,117906,290919,118322,1
31232,20440,117890,117891,117878,118568,292195,19721,118570,1
95216,7014,117961,118446,119961,118278,118260,290919,118279,1
34714,1088,117961,118327,119830,118321,117906,290919,118322,1
27124,2210,117961,118052,118378,1.19E+05,300603,119184,1.19E+05,1
21811,71189,117961,118386,128823,118259,125206,290919,118261,1
73129,21623,117961,117969,118970,118396,300044,118398,118399,1
42870,5228,119596,119597,168533,120789,301124,118424,120791,0
15701,2221,118670,118671,117878,119192,135350,119184,119194,1
14570,21083,118106,118107,117941,118568,129105,19721,118570,1
972,4375,117961,118343,120347,307024,132719,118331,118332,1
91819,278563,118602,118603,117941,118568,118568,19721,118570,0
33146,1600,117961,118327,118507,118890,311441,118398,118892,1
20293,46716,117929,117930,117941,117885,117913,117887,117888,1
31044,8074,117961,118300,119181,117905,240983,290919,117908,1
20293,51095,117926,118124,118344,179731,149488,117887,117973,0
18339,16557,117961,118327,120318,118321,117906,290919,118322,1
973,61016,119596,119597,119703,118912,174408,118424,118914,1
79323,17128,117961,118300,119984,118396,233714,118398,118399,1
16329,14789,117961,118327,127470,118321,117906,290919,118322,1
31604,2014,117961,117962,117904,119949,311441,290919,119951,1
79851,7287,117961,117962,119223,119962,168365,118205,119964,1
18418,3970,117961,118300,118458,118054,118054,117887,118055,1
115831,57625,121005,121006,128742,118811,310825,19793,118813,1
18913,27872,118090,118091,117912,117879,117886,19721,117880,1
34808,139593,118573,118574,119781,119782,159510,119784,119785,1
996,3043,117961,118413,118481,1.18E+05,240983,290919,1.18E+05,1
40867,15886,117961,118052,120356,120357,310997,118424,120359,1
34075,221,117961,118413,120370,118321,118448,290919,118322,1
917,3077,117961,118300,120312,118361,118362,118363,118364,1
27356,16573,117961,117969,6725,159677,159678,159679,159680,1
75047,7084,117961,118386,121961,117905,117906,290919,117908,1
79296,7445,117961,118343,122299,118054,305057,117887,118055,1
41465,6278,117961,118343,118437,117905,117906,290919,117908,1
23096,71189,117961,118386,121883,118278,125206,290919,118279,1
25098,2003,118441,118442,118378,118054,121603,117887,118055,1
75901,4857,117961,118343,119598,118834,127160,118424,118836,1
38960,3656,117961,118300,118631,118924,153285,118667,118926,1
38124,91412,118953,118954,117920,117879,117886,19721,117880,0
35043,4698,117961,117962,118352,118321,290919,290919,118322,1
278393,33266,216705,119256,129526,119849,160290,118638,119851,1
75834,118619,117961,118343,119142,118784,147114,290919,118786,1
3130,3245,117961,118300,121216,119743,132775,3130,119745,1
26410,3936,117943,117944,117945,118274,299258,292795,118276,1
39146,22458,117961,117962,120677,307024,306404,118331,118332,1
43312,72988,117910,118855,117941,118568,135898,19721,118570,1
5112,120114,118725,118726,119076,1.18E+05,124426,118424,1.18E+05,1
41576,3881,117961,118343,118514,118321,117906,290919,118322,1
70202,20818,119062,119063,124211,118321,117906,290919,118322,1
77300,23338,117961,118052,122392,120097,174445,270488,120099,1
76415,4659,117961,118225,120663,118321,117906,290919,118322,1
32997,2270,117961,118413,120584,118958,118959,118960,118961,1
44644,50997,117961,118052,120539,118321,118448,290919,118322,1
23921,2837,118887,118888,118631,118422,163805,118424,118425,1
3853,873,117961,118413,120526,1.18E+05,118448,290919,118322,1
34924,1540,117961,118343,123125,122022,270994,119221,122024,1
23990,13818,117961,118327,120171,118396,152795,118398,118399,1
23990,4335,119134,119135,118660,118293,118302,118295,118296,1
23990,3085,117961,118300,125821,118834,251171,118424,118836,1
27269,8026,117961,118386,118746,117905,117906,290919,117908,1
79814,50967,118990,118991,118992,118259,118260,290919,118261,1
79141,55268,91261,118026,119507,117905,117906,290919,117908,1
22333,141,117961,118225,122273,118321,117906,290919,118322,1
35940,7426,117961,118225,119238,122849,120324,119095,122850,1
5906,5909,117961,118446,16232,118784,117906,290919,118786,1
17226,70264,117961,118343,118437,118523,306404,118331,118525,1
17849,13330,117961,118446,119969,123082,166884,19793,123084,1
4675,51172,117961,118225,120551,120690,120691,290919,120692,1
79141,17654,117961,121019,118053,118054,118054,117887,118055,1
4675,5919,117961,118446,16232,118321,117906,290919,118322,1
75834,3692,117961,118413,126229,1.18E+05,117906,290919,118322,1
79311,30523,117961,118343,119984,123067,269406,118398,123068,1
27416,53481,117916,117917,117884,117879,117886,19721,117880,0
27750,7491,117961,118300,119181,118784,118785,290919,118786,1
35531,57757,117961,118343,142038,118321,117906,290919,118322,1
31441,14800,117961,117962,118352,118784,117906,290919,118786,1
75834,3187,117961,118343,119142,122022,137489,119221,122024,1
14910,873,117961,118413,120526,118784,152747,290919,118786,1
42093,2908,117961,118343,118979,118834,133686,118424,118836,1
81364,74910,91261,118026,118317,118259,118260,290919,118261,1
77178,3225,117961,118327,118929,117905,117906,290919,117908,1
33054,140260,118163,119075,119076,118834,311236,118424,118836,1
42085,3753,117961,118300,118360,118054,118054,117887,118055,1
4675,1923,117902,117903,118783,117905,118036,290919,117908,1
79311,23225,117961,118300,119984,120647,311441,118398,120649,1
23921,4837,117961,118300,120026,118054,119601,117887,118055,1
23181,55982,117983,117984,117878,117879,117879,19721,117880,1
33231,53190,117961,118300,19772,118784,118785,290919,118786,1
20897,16527,91261,118026,118202,119962,168365,118205,119964,1
35864,16682,119596,119597,120026,118293,118294,118295,118296,1
25993,4909,117961,118300,118458,118834,223125,118424,118836,1
45904,2327,117961,118300,119181,128230,302830,4673,128231,1
15064,83934,138798,138799,120539,118054,132494,117887,118055,1
25442,50520,118192,118193,117895,118568,281735,19721,118570,1
73590,25444,121518,121519,117895,118568,212837,19721,118570,1
37089,1334,117961,117962,118910,119949,230830,290919,119951,1
4675,51226,117961,118327,118320,118451,118545,118453,118454,1
23096,19987,117961,118225,118403,118054,118054,117887,118055,1
79092,17058,117961,118300,118301,120344,267615,118424,120346,1
74348,21869,117961,118327,118507,118396,158043,118398,118399,1
27356,119350,117961,118386,118522,119351,123417,3130,119353,1
37456,6216,117961,126102,118328,124886,306399,118643,124888,1
74909,7971,117961,118386,119954,118259,155654,290919,118261,1
101818,1483,117961,117962,118840,118841,118842,118643,118843,1
33146,51330,117961,118300,119890,118834,149550,118424,118836,1
40669,1568,117961,118300,19772,118278,117906,290919,118279,1
36480,46477,117961,119256,148450,119778,148997,19721,119779,1
6690,3800,117961,118225,118403,118321,117906,290919,118322,1
45904,72157,118006,118007,117941,117899,117897,19721,117900,1
43140,19642,117961,118413,118481,118784,117906,290919,118786,1
76446,8074,117961,118300,119181,118321,117906,290919,118322,1
33341,16974,117961,118300,119181,118321,118448,290919,118322,1
75078,56723,118315,118316,118317,118318,168365,118205,118319,1
44722,4663,117961,118225,122298,120591,132696,119095,120593,1
42085,8229,117961,118300,28618,119351,149246,3130,119353,1
7543,156,117961,118413,121639,118784,117906,290919,118786,1
34924,5432,117961,118327,118391,118321,117906,290919,118322,1
76440,7016,117961,118300,119181,118321,117906,290919,118322,1
41636,17831,117902,117903,28618,128230,302830,4673,128231,1
39331,71189,117961,118386,121883,118318,168365,118205,118319,1
32270,46462,118290,118291,119837,120344,142386,118424,120346,1
78311,110921,117932,117933,117878,216825,121386,19721,216827,1
35528,139241,118290,132564,121014,118728,124301,118295,118730,1
35068,46610,117902,118041,118556,2.81E+05,280788,292795,1.19E+05,1
3661,2074,118441,118442,118378,119192,208460,119184,119194,1
15714,3802,118573,118574,118623,126684,127423,292795,126685,1
4675,5741,117961,118446,16232,120690,127922,290919,120692,1
38119,20496,118219,118220,117912,117879,117897,19721,117880,1
6502,34370,118074,23779,189629,179731,276543,117887,117973,1
99558,4434,117961,118052,120671,118321,118448,290919,118322,1
33146,2260,117961,118343,119598,118422,300136,118424,118425,1
75787,43398,118752,118753,119121,118274,281020,292795,118276,1
1151,311696,117902,117903,118507,120990,120991,118398,120992,1
43680,53214,118095,118096,118008,117879,117897,19721,117880,1
26929,31837,117926,117927,119569,179731,117913,117887,117973,1
6977,7346,117961,118343,123125,118259,117906,290919,118261,1
14662,56679,118079,118080,117878,117879,304519,19721,117880,1
43742,5320,118290,118291,119598,120344,260942,118424,120346,1
75338,75342,118126,118237,117895,117879,119820,19721,117880,1
3853,13828,117961,118300,118395,118890,125128,118398,118892,1
79276,1954,117961,117962,118501,120702,308462,118504,120704,1
43877,56604,118079,118080,117878,117885,118177,117887,117888,1
29122,20169,117961,118343,118609,1.25E+05,239604,118643,1.25E+05,1
43353,7553,117961,118225,118403,118321,240983,290919,118322,1
41371,59575,117916,118150,117920,127389,127390,19721,127391,1
33233,4743,119062,130600,120663,117905,117906,290919,117908,0
45349,110921,117932,117933,117878,216825,121386,19721,216827,1
74212,3889,117961,118386,121668,118321,117906,290919,118322,1
22662,53348,117961,117969,118970,118396,269406,118398,118399,1
20737,11305,117929,117930,117920,121067,124097,121069,121070,1
77307,6256,119134,119135,118437,117896,199346,117887,117898,0
33642,31851,118185,31010,117941,117879,147755,19721,117880,1
33155,56801,120864,120865,19666,1.21E+05,278014,118131,1.21E+05,1
3264,55064,126918,126919,118042,118043,118043,270488,118046,1
76873,17514,117961,118343,121747,118321,117906,290919,118322,0
25270,3113,117961,118343,119598,119433,127160,118424,119435,1
34433,3966,117961,118343,122012,117905,117906,290919,117908,1
74961,8204,117961,118052,122392,120097,174445,270488,120099,1
28149,64715,91261,118026,118317,117905,117906,290919,117908,1
68726,13441,117961,118225,122870,118207,279443,270488,118209,1
79613,25687,117961,118343,118660,118924,124941,118667,118926,1
113728,8028,117902,117903,124948,119962,168365,118205,119964,1
20299,11516,117929,117930,117884,117885,117913,117887,117888,1
44977,50015,117961,118343,119598,120344,310997,118424,120346,1
7543,7560,117961,118300,119181,118321,117906,290919,118322,1
36386,14695,118602,118603,118008,118568,125168,19721,118570,1
16333,7504,117961,118300,118783,117905,117906,290919,117908,1
34924,25243,117961,118327,120299,137969,217580,118612,137970,1
6042,5504,117961,118300,118514,117905,117906,290919,117908,1
25993,49005,126918,126919,118042,118043,118043,270488,118046,1
43597,5.98E+04,117961,118386,121961,124152,304629,118424,124154,1
16347,50793,117961,118052,120096,117905,117906,290919,117908,1
45104,46165,118887,118888,118889,118890,126250,118398,118892,1
19949,19959,117961,118327,274241,118777,131444,308574,118779,1
36306,8551,119062,119091,118514,117905,117906,290919,117908,1
78591,89315,117893,117894,117895,117896,117897,117887,117898,1
3853,20560,117876,117877,117878,117879,117879,19721,117880,1
81360,8520,117961,118386,119954,118318,140982,118205,118319,1
0,72347,117961,118413,120370,117905,117906,290919,117908,1
80768,4642,117961,118225,120551,118321,240983,290919,118322,1
79363,14857,117961,118300,121176,118777,279443,308574,118779,1
14725,14811,117961,118343,118344,120812,120812,118638,120814,1
75834,8234,117961,118300,118783,118321,117906,290919,118322,1
20284,56008,117980,118076,117912,117879,117886,19721,117880,1
15701,2078,118216,118587,117920,128093,139264,119184,128095,0
39261,2849,118887,118888,118395,120006,269406,118424,120008,1
39598,7553,117961,118225,118403,117905,117906,290919,117908,1
6977,6225,117961,118343,118437,118368,139118,117887,118486,1
16232,5987,192441,141176,16232,118321,117906,290919,118322,1
79092,7807,117961,118327,118518,118207,190710,270488,118209,1
76414,3878,117961,118327,119830,117905,117906,290919,117908,1
7543,2270,117961,118413,277693,118958,118959,118960,118961,1
43434,7583,118990,118991,118992,118321,120828,290919,118322,1
35290,15015,117961,118413,122007,118321,117906,290919,118322,1
95897,13846,117961,118052,120016,123609,118785,123611,123612,1
16033,18073,118256,118257,118623,118995,286106,292795,118997,0
15368,20382,117961,118300,124942,118784,117906,290919,118786,1
6977,4413,117961,118343,118979,117905,117906,290919,117908,1
40466,3236,117961,118327,129972,118685,311622,308574,118687,1
5906,1988,117961,118446,16232,117905,117906,290919,117908,1
33423,16643,119134,119135,118701,119587,284481,118704,119589,1
39976,23198,117961,117962,118352,120690,117906,290919,120692,1
16411,16566,117961,118327,120559,120618,304465,118643,120619,1
87831,5524,117961,118343,118514,117905,240983,290919,117908,1
32270,5016,117961,118343,121710,120789,250337,118424,120791,1
3130,3176,117961,118300,121216,119351,160003,3130,119353,1
31224,53176,117961,117969,118970,118890,311441,118398,118892,1
38392,61244,118003,118004,117878,1.18E+05,117879,19721,1.18E+05,1
43425,13812,117961,118225,118320,120690,120691,290919,120692,1
83169,16541,117961,118225,120551,118321,117906,290919,118322,1
34795,49850,117961,118413,122007,118259,210052,290919,118261,1
35055,17694,117961,118343,119598,117905,117906,290919,117908,1
79092,1614,117961,118327,120171,118777,279443,308574,118779,1
42871,5228,119596,119597,168533,120789,301124,118424,120791,0
96500,19717,117961,117962,118352,117905,240983,290919,117908,1
74154,6122,117961,118300,120026,119433,133686,118424,119435,1
27124,8686,117961,118327,119830,118321,117906,290919,118322,1
19722,17514,117961,118343,121747,118321,117906,290919,118322,1
6977,221,117961,118413,120370,118784,240983,290919,118786,1
5502,3881,117961,118343,118514,117905,117906,290919,117908,1
23181,20432,117890,117891,117878,118568,292195,19721,118570,1
34817,34612,117961,118327,118320,118641,306399,118643,118644,1
60108,46254,117961,118327,126310,118641,123881,118643,118644,1
79160,858,117961,118327,118529,122129,168451,121916,122131,1
32270,57757,117961,118343,142038,118784,121873,290919,118786,1
16439,16541,117961,118225,120551,117905,117906,290919,117908,1
38392,60825,117980,118076,117941,117885,117913,117887,117888,1
26821,1755,117961,117962,119223,150752,137949,118643,150754,1
41269,8068,117961,118386,121668,117905,117906,290919,117908,1
21446,16973,117961,118300,124942,118321,117906,290919,118322,1
34950,27,117961,118413,120370,118685,123004,308574,118687,1
40997,7067,117961,118225,118403,117905,240983,290919,117908,1
35498,15450,117916,117917,117941,117879,117886,19721,117880,1
20743,58677,118084,118085,117920,118568,122142,19721,118570,1
27010,3648,117961,118300,118631,118980,301534,118295,118982,0
25270,17244,117961,118052,120398,120006,311622,118424,120008,1
25993,4718,121785,121786,120317,118321,117906,290919,118322,1
74347,33266,117961,118300,123719,117905,240983,290919,117908,1
25098,1043,117961,118327,121589,118641,306399,118643,118644,1
38482,334,118216,118217,117884,117885,117913,117887,117888,1
28294,52314,117961,118300,118301,118980,306795,118295,118982,0
927,13441,117961,118225,119781,118207,279443,270488,118209,1
73815,29592,118315,118463,125004,118674,281445,19793,118676,1
80754,148913,118212,118213,118921,118890,311441,118398,118892,1
79008,23347,117961,118052,119408,118685,279443,308574,118687,1
34950,13844,117961,118327,121787,121122,127593,118612,121124,1
45779,4362,117961,118343,126955,118777,279443,308574,118779,1
23497,5244,117961,118343,119598,119433,133686,118424,119435,1
39883,7284,91261,118026,118202,118321,117906,290919,118322,0
6977,5456,117961,118225,118403,118321,118448,290919,118322,1
74550,7344,117961,118225,120663,123045,148730,120518,123047,1
21710,6997,117961,118343,119945,118321,117906,290919,118322,1
35444,25276,117961,118343,121747,118321,117906,290919,118322,1
15702,2069,118349,118350,117878,119192,186208,119184,119194,1
17308,4953,117961,118343,118911,1.20E+05,310997,118424,1.20E+05,1
45089,1043,117961,118327,120559,118641,132791,118643,118644,1
79092,1550,117961,118225,123173,118054,120514,117887,118055,1
16985,743,117961,118343,118437,1.18E+05,117906,290919,1.18E+05,1
16798,15784,117961,118343,128639,118777,279443,308574,118779,0
99989,28163,118315,118316,120361,117905,175154,290919,117908,1
92808,2374,117961,117962,118501,118502,134578,118504,118505,1
391,17951,117926,117927,118810,119323,119456,19793,119325,1
73451,1346,117961,118343,121747,117905,117906,290919,117908,1
32642,2498,118169,118170,118623,117946,134491,292795,117948,1
42093,4712,117961,118343,118395,123067,233714,118398,123068,1
33054,49566,118595,118596,119993,117905,117906,290919,117908,1
39323,2983,117961,118343,118700,117905,117906,290919,117908,1
20351,1088,117961,118327,119830,117905,117906,290919,117908,1
6921,4950,117961,118343,118911,118912,309291,118424,118914,1
74310,6225,117961,118343,118437,117905,117906,290919,117908,1
34924,49626,117961,118327,129972,118784,121873,290919,118786,1
3719,3077,117961,118300,120312,124194,155644,118363,124196,1
104618,49423,117961,118052,123144,118396,269406,118398,118399,1
20299,11529,117929,117940,117941,117885,117913,117887,117888,1
39262,49655,117961,118446,122550,122551,117906,118762,122552,1
42914,1942,119178,119179,117878,119192,135350,119184,119194,1
38357,21083,118106,118107,117941,117879,121445,19721,117880,1
77977,3811,120864,121013,118395,118396,269406,118398,118399,0
29058,55119,119062,119091,123125,134095,300136,118474,118475,1
18072,1328,118212,118213,118403,117905,134159,290919,117908,1
75078,3889,117961,118386,121668,126184,140840,118762,126186,1
34026,2938,117961,118413,122007,118321,118448,290919,118322,1
39333,7389,117961,118386,118746,1.19E+05,239652,118453,1.19E+05,1
34714,54248,117961,118327,120559,118641,306399,118643,118644,1
20284,13401,118953,118954,117920,124313,133508,120134,124315,0
1020,2078,118114,118115,117920,118568,125937,19721,118570,0
37732,65460,118079,118080,117878,117879,118177,19721,117880,0
80655,70078,91261,118026,118063,128422,128423,118453,128424,1
79121,13814,117961,118343,119598,119433,133686,118424,119435,1
19989,52417,117961,117962,118791,118396,300044,118398,118399,1
80671,8121,91261,118026,118746,118321,117906,290919,118322,1
37651,656,118090,118091,117912,117885,117913,117887,117888,1
75078,5269,119596,119597,120356,122067,205243,118424,122069,1
20487,2947,118212,118213,118700,117905,117906,290919,117908,1
27356,70169,117961,118386,118635,131997,167505,131999,132000,1
87083,7525,117961,118225,120551,118321,240983,290919,118322,1
4675,7229,117902,117903,127168,118321,117906,290919,118322,1
42093,7524,117961,118300,119195,1.19E+05,227378,118638,1.19E+05,1
39183,7424,5110,117954,122672,118777,306530,308574,118779,1
27356,28253,118315,118463,123089,117905,130219,290919,117908,1
1937,25813,117961,118300,119181,118841,118842,118643,118843,1
33054,16671,117961,118052,118706,118523,310608,118331,118525,1
4675,144199,118658,125100,118856,118321,125684,290919,118322,1
34581,770,117961,118300,119181,118747,130134,118453,118749,1
27295,4068,117961,118300,118458,118054,310608,117887,118055,1
42085,17598,117961,118300,118631,307024,132719,118331,118332,1
80672,51243,117961,118300,123055,120344,134311,118424,120346,1
43714,15779,117961,118300,19772,118321,117906,290919,118322,1
80808,820,117961,118300,123719,118777,279443,308574,118779,1
41385,55805,117961,118343,118856,118784,121926,290919,118786,1
1098,6993,117961,118343,118514,117905,240983,290919,117908,1
42093,49388,118887,118888,118631,118728,301534,118295,118730,1
80568,18044,117961,118386,118522,118321,117906,290919,118322,0
81295,49353,117961,117962,118910,118321,117906,290919,118322,1
40265,1475,91261,118026,118450,128093,153719,119184,128095,1
74880,26312,138798,138799,120539,118321,117906,290919,118322,1
1581,16098,117961,118327,120171,120647,240979,118398,120649,1
78150,3868,117961,118386,120096,117905,117906,290919,117908,1
31441,18417,117961,118343,119598,307024,294485,118331,118332,1
112360,34611,117961,118327,118320,118321,117906,290919,118322,1
39518,58849,117961,118327,118492,118747,125738,118453,118749,1
74799,5303,118658,119883,118635,174391,273082,119695,174393,1
27124,1043,117961,118327,121589,124886,123881,118643,124888,1
39932,2819,119062,119091,120410,118028,310589,117887,118030,1
36701,54258,117890,118102,117878,118568,292195,19721,118570,1
35343,7339,117961,118300,118360,118361,118362,118363,118364,1
42085,3970,117961,118300,118458,118054,118054,117887,118055,1
20287,31585,117975,117976,117884,117885,117913,117887,117888,1
41971,50781,91261,118026,139759,118321,117906,290919,118322,1
75834,17660,117961,118225,124380,118054,120514,117887,118055,1
42093,4950,117961,118343,119598,120344,303717,118424,120346,1
35788,124899,117961,118327,120171,118890,149216,118398,118892,1
35733,46704,91261,118026,118202,117905,117906,290919,117908,0
33642,11988,118742,118743,117941,118568,121756,19721,118570,1
43876,98939,118079,118080,117878,117885,118177,117887,117888,1
75940,7490,118349,118350,122672,130857,125539,308574,130858,1
35903,16974,117961,118300,119181,118321,118448,290919,118322,1
23921,3000,117961,118225,120551,118321,118448,290919,118322,1
41325,1903,117961,118343,118514,117905,117906,290919,117908,1
23965,131441,117961,118343,119598,119433,133686,118424,119435,1
312152,4641,117961,118343,121747,117905,117906,290919,117908,1
975,131441,117961,118343,119598,119433,133686,118424,119435,1
17308,123367,117932,117933,117878,118568,120877,19721,118570,1
16030,51138,117961,118413,119968,117905,117906,290919,117908,1
18418,5701,117961,118052,118821,118207,174445,270488,118209,1
673,2312,117902,117903,119181,128230,302830,4673,128231,1
110866,34611,117961,118327,118320,118321,117906,290919,118322,1
81510,4561,118169,118170,118575,118636,215667,118638,118639,0
37943,56022,118163,118164,117878,179731,132993,117887,117973,1
77207,51791,117961,119256,120943,118995,280788,292795,118997,1
75078,3197,117961,118386,120361,117905,117906,290919,117908,1
43877,50563,118079,118080,117878,117879,304519,19721,117880,1
4675,6982,117961,118300,118360,118054,118054,117887,118055,1
39883,17615,117961,118052,122392,120097,174445,270488,120099,1
44874,70186,117961,117969,19666,118890,202872,118398,118892,1
6977,7495,117961,118225,137996,118321,152852,290919,118322,1
22282,12456,117935,117936,117878,117885,117913,117887,117888,1
25328,1553,117961,118225,123173,119093,123174,119095,119096,1
28149,50806,117961,118446,119961,118054,118054,117887,118055,1
31990,1328,118212,118213,118403,117905,134159,290919,117908,1
80446,17514,117961,118343,121747,118321,117906,290919,118322,1
5664,46473,122532,122533,117945,280788,280788,292795,119082,1
42085,7243,117961,118343,118609,120357,125779,118424,120359,0
31825,5649,117961,118446,118684,118760,118761,118762,118763,1
17308,17264,117961,118300,118825,307024,127752,118331,118332,1
7543,3000,117961,118225,120551,117905,240983,290919,117908,1
26391,2930,117961,118343,118700,118321,117906,290919,118322,1
75834,5730,117961,118446,119598,120578,137493,118762,120580,1
13878,11988,118742,118743,117941,117879,117897,19721,117880,0
17278,2849,118887,118888,118395,118396,147037,118398,118399,1
32109,21658,118106,118107,118810,122952,305581,19793,122954,1
27348,5114,117961,118300,119890,118422,300136,118424,118425,1
34498,2694,118887,118888,118458,120344,217919,118424,120346,1
53101,4023,117961,118446,119064,117905,240983,290919,117908,1
39264,18097,119280,119281,117945,117946,130662,292795,117948,1
20293,12260,117926,118124,117884,117879,117886,19721,117880,1
73815,4403,118315,118316,129128,118636,126747,118638,118639,1
4675,7388,117961,118225,119924,118318,168365,118205,118319,1
42680,5905,117929,117930,117920,119323,123932,19793,119325,1
38704,69566,117893,117894,117895,117896,117897,117887,117898,1
6921,3267,117961,118052,121949,120097,174445,270488,120099,1
34950,794,118752,119070,120995,118274,190697,292795,118276,1
80495,4933,117961,118300,118458,118293,118302,118295,118296,1
75834,4068,117961,118300,118458,118980,301534,118295,118982,1
4675,6071,117961,118413,122007,117905,117906,290919,117908,1
45048,15781,117961,118343,118395,123067,233714,118398,123068,1
39331,17561,91261,118026,118202,118259,118260,290919,118261,1
33241,56663,117902,117903,118507,120990,261540,118398,120992,1
34026,1533,117961,117969,118800,118801,160694,19793,118803,0
4675,70243,117961,118327,118492,118451,125738,118453,118454,1
32270,3618,117961,118300,118631,118054,118054,117887,118055,0
4675,50040,117961,118327,118391,118321,117906,290919,118322,1
3264,3437,118573,118574,118042,118043,118043,270488,118046,1
39325,58719,117961,118386,119954,118318,168365,118205,118319,1
3853,6454,117961,118343,118856,118321,117906,290919,118322,1
31220,1325,117961,117962,118910,117905,240983,290919,117908,1
43262,44022,117961,117962,122215,119949,130085,290919,119951,1
23961,124899,117961,118327,120171,118890,182227,118398,118892,1
36326,17305,117961,118327,118529,118054,118054,117887,118055,1
79934,148913,118212,118213,118921,118890,305057,118398,118892,1
32270,141,117961,118225,122273,118321,117906,290919,118322,1
21307,7426,117961,118225,119238,122849,120324,119095,122850,1
40205,25276,117961,118343,121747,118321,117906,290919,118322,1
39330,4438,117961,118386,121668,118777,279443,308574,118779,1
25993,5659,117961,118300,124725,1.18E+05,117906,290919,1.18E+05,1
74881,7651,117961,118386,118746,118321,117906,290919,118322,1
74152,14800,117961,117962,118352,118784,117906,290919,118786,1
25186,6227,117961,118343,118437,118784,117906,290919,118786,1
3853,5303,118658,119883,118635,174391,273082,119695,174393,1
75078,8520,117961,118386,119954,118318,168365,118205,118319,1
45519,770,117961,118300,119181,118747,130134,118453,118749,1
80784,4272,117961,118343,120666,120773,270820,118960,120774,1
13878,14890,117935,117936,117878,117899,117899,19721,117900,1
81076,14638,117961,118052,118992,118784,120474,290919,118786,1
20351,56602,118079,118080,117878,117879,120319,19721,117880,1
26391,21009,117961,118343,149210,120097,174445,270488,120099,1
4675,3878,117961,118327,119830,118321,117906,290919,118322,1
52684,90027,117916,118150,118599,179731,123808,117887,117973,1
6104,57757,117961,118343,142038,117905,117906,290919,117908,1
278393,4909,117961,118300,118458,120497,223125,118424,120499,1
79092,69089,117961,118300,117970,179731,131312,117887,117973,1
917,4511,117961,118300,119181,118321,240983,290919,118322,1
17308,14758,117961,118225,120054,119587,132654,118704,119589,1
34983,52735,117961,118052,120356,122067,127906,118424,122069,1
6977,1249,117961,117962,118910,118368,118368,117887,118486,1
20897,15993,117961,117969,121617,131849,149815,121620,131851,1
40514,15683,117961,118300,118957,118321,117906,290919,118322,1
80809,15513,117961,118052,123144,118890,125128,118398,118892,1
16191,2017,117961,118327,121645,117905,287626,290919,117908,0
40453,17979,117910,117911,118810,118811,119759,19793,118813,1
3124,15501,117961,117969,19666,118396,133290,118398,118399,1
3853,7510,117961,118446,118684,118777,279443,308574,118779,1
81058,23280,117961,117969,6725,126264,251186,6725,126266,1
78436,311251,118181,118182,118008,117885,117886,117887,117888,1
20351,2229,117961,118225,118450,119192,135136,119184,119194,1
35790,1350,117961,118052,120096,118321,117906,290919,118322,1
80551,49802,117961,118343,118514,307024,294485,118331,118332,1
37138,4950,117961,118343,118911,118826,236735,118424,118828,1
77295,6216,117961,118327,118328,118641,306399,118643,118644,1
3057,1398,117961,118300,120722,118321,117906,290919,118322,1
17308,4155,117961,118300,118301,120006,259215,118424,120008,1
79092,13781,117961,118386,121961,120516,123107,120518,120519,1
37651,65460,118079,118080,117878,117879,118177,19721,117880,0
39339,7495,117961,118343,118856,117905,117906,290919,117908,1
278393,8784,117961,118300,119890,118834,150799,118424,118836,1
23738,16973,117961,118300,124942,117905,117906,290919,117908,1
39474,7424,5110,117954,122672,130857,125539,308574,130858,1
38972,7766,118256,119428,118623,118995,286106,292795,118997,1
25993,4189,117961,118343,119987,118636,310589,118638,118639,1
41116,5177,117961,118386,125016,120357,126416,118424,120359,1
15702,1999,118084,118085,131868,128093,139264,119184,128095,1
25305,7910,117961,118052,118053,118054,120514,117887,118055,0
23820,4084,117961,118052,118992,118321,240983,290919,118322,1
25890,7076,117961,118225,120323,119093,136840,119095,119096,1
34886,4639,117961,118343,118856,118278,117906,290919,118279,1
74216,70169,117961,118386,118635,118054,118054,117887,118055,1
34950,55789,121785,121786,120299,121122,217580,118612,121124,1
27411,22629,91261,118026,118317,118784,120474,290919,118786,1
75834,16757,117961,118225,122273,118321,117906,290919,118322,1
26380,767,117961,118343,120722,1.24E+05,123107,120518,1.24E+05,1
79363,22314,118212,118213,118437,120990,154858,118398,120992,1
23096,3610,119062,119091,118042,118043,118044,270488,118046,1
3264,4528,118752,119070,119136,119587,232820,118704,119589,1
14666,4642,117961,118225,120551,118685,279443,308574,118687,1
73490,4395,117961,118300,118597,118422,150827,118424,118425,1
79092,50976,117961,118413,119968,118784,117906,290919,118786,1
33054,4951,117961,118343,120126,119433,133686,118424,119435,1
34921,5652,117961,118300,121305,118784,124402,290919,118786,1
33248,3979,117961,118343,120347,118368,128683,117887,118486,1
23194,17598,117961,118300,118631,307024,132719,118331,118332,1
29304,85101,117975,117976,117920,1.24E+05,133508,120134,1.24E+05,1
33642,21083,118106,118107,117941,117879,117886,19721,117880,1
30564,2594,117961,118300,123472,117905,117906,290919,117908,1
16333,7504,117961,118300,118783,118321,117906,290919,118322,1
18418,4929,117961,118300,118825,118826,226343,118424,118828,1
80725,4549,117961,118225,120050,118321,118448,290919,118322,0
37793,771,117961,118300,120722,118321,117906,290919,118322,1
37326,32457,117961,118327,118320,118641,123881,118643,118644,1
27309,15945,118290,118291,121617,124799,152247,121620,124801,1
732,770,117961,118300,120722,118747,130134,118453,118749,1
76446,7505,117961,118300,119195,117905,117906,290919,117908,1
44900,2456,118752,118753,118754,280788,280788,292795,119082,1
41971,15779,117961,118300,19772,118321,117906,290919,118322,0
17278,5137,118212,118213,123614,120497,229576,118424,120499,1
73752,70062,117961,118386,118746,1.18E+05,117906,290919,1.18E+05,1
43877,50208,118079,118080,117878,117879,304519,19721,117880,1
78591,28021,118212,118580,117895,117879,117897,19721,117880,1
32270,17058,117961,118300,119488,120418,284553,249618,120419,1
18072,46472,117961,119256,120943,118995,119235,292795,118997,1
19802,770,117961,118300,119181,128230,302830,4673,128231,1
75649,1334,117961,117962,118910,118451,130134,118453,118454,1
74550,3053,117961,118225,120663,121594,131163,4673,121596,1
740,6232,117961,118343,118437,120516,185973,120518,120519,1
35540,23771,117929,117930,119569,179731,118247,117887,117973,1
44243,16527,91261,118026,118202,117905,117906,290919,117908,1
25569,57757,117961,118343,142038,118784,121873,290919,118786,1
108494,53190,117961,118300,19772,307024,200314,118331,118332,1
41470,771,117961,118300,120722,118784,152747,290919,118786,1
23194,20447,117961,118225,120283,118890,133249,118398,118892,1
98437,53190,117961,118300,19772,118321,117906,290919,118322,1
37793,50314,117890,117891,117878,117899,123862,19721,117900,1
6711,27619,117961,118413,118414,118321,117906,290919,118322,1
75338,75346,118126,118237,117895,117879,117897,19721,117880,1
39264,4361,118573,118574,117945,117946,139383,292795,117948,1
4673,14731,117961,118446,118447,121594,170665,4673,121596,1
18418,61062,117961,118446,120368,119849,219966,118638,119851,1
5695,810,117961,118300,123719,118321,240983,290919,118322,1
79543,6107,117961,118386,118404,120690,127922,290919,120692,1
35451,15510,118169,118170,125857,117946,310843,292795,117948,0
43395,2583,118752,118753,117945,118274,128130,292795,118276,0
25883,59312,118550,118551,118378,179731,158422,117887,117973,1
36005,33774,118212,118580,117895,117899,117897,19721,117900,1
33150,46185,118887,118888,118889,118863,307233,118398,118865,1
4675,118619,117961,118300,119142,1.19E+05,147114,290919,1.19E+05,1
84052,3990,117961,117962,118409,119928,310608,118331,119929,1
41431,7459,5110,117954,122672,118685,223708,308574,118687,1
39939,15886,117961,118052,120356,122067,237245,118424,122069,1
79167,7369,117961,118386,118896,118321,117906,290919,118322,1
27719,2103,117926,118124,117920,118568,125937,19721,118570,1
43452,22819,117961,118225,119824,121414,132041,118704,121416,1
23459,131441,117961,118343,119598,119433,133686,118424,119435,1
15064,2363,117961,117962,141383,118368,118368,117887,118486,1
27323,16850,117961,118225,119238,119093,139668,119095,119096,1
41576,5537,117961,118413,120370,1.18E+05,117906,290919,117908,1
80195,1334,117961,117962,118910,118451,130134,118453,118454,1
20364,51345,117961,118052,120417,118702,125047,118704,118705,0
43069,17270,117961,118300,128830,118826,150790,118424,118828,1
44781,58910,117902,118041,117945,259173,197337,292795,118943,1
78271,21698,118192,118193,117895,118194,118195,117887,118196,1
58928,17091,117961,118225,118403,118054,287351,117887,118055,1
27140,2299,117961,117962,119223,123737,131844,118960,123738,1
77234,16973,117961,118300,124942,117905,117906,290919,117908,1
14354,20604,118095,118096,118008,117899,128628,19721,117900,1
44180,7369,117961,118386,118896,118321,117906,290919,118322,1
52688,770,117961,118300,119181,118747,130134,118453,118749,1
75303,4199,117961,118225,118403,118321,117906,290919,118322,1
84815,75693,117961,118052,118378,124000,119771,119772,124002,1
42085,17184,117961,118343,118395,120647,126250,118398,120649,0
79092,8607,117961,118225,118403,117905,240983,290919,117908,1
96516,13836,119920,119921,142145,128230,302830,4673,128231,0
41806,18449,117961,118300,119181,118465,159686,118467,118468,1
37378,27394,117961,118343,119142,118685,152298,308574,118687,1
81070,19832,117961,118327,123901,117905,117906,290919,117908,1
73815,192210,118315,118316,140453,119849,192211,118638,119851,1
40069,17264,117961,118300,118825,118523,163100,118331,118525,1
23096,4528,117961,118225,120054,119928,310608,118331,119929,1
28325,21135,117961,118343,119218,118321,117906,290919,118322,1
27082,22819,117961,118225,119136,120001,239935,118474,120003,1
83263,5409,117961,118343,119993,118321,117906,290919,118322,0
35720,18449,117961,118300,119181,118465,159686,118467,118468,1
20744,6876,117978,117979,117920,118568,121313,19721,118570,0
39264,15541,118573,118574,118556,280788,162667,292795,119082,1
4675,209,117961,118343,6104,118321,117906,290919,118322,1
3130,5182,117961,118386,118404,119351,257510,3130,119353,1
73083,13441,117961,118225,122870,1.18E+05,279443,270488,1.18E+05,1
73547,22524,119596,119597,119136,119137,254340,118474,119139,1
35197,16643,119134,119135,118701,118702,284481,118704,118705,1
33329,2930,117961,118343,118700,117905,118903,290919,117908,1
34871,4500,117961,118052,118881,117905,117906,290919,117908,1
18418,19839,117961,118300,120722,118784,117906,290919,118786,1
42972,29762,117961,118052,120398,118054,128963,117887,118055,1
29304,56623,117975,117976,117941,117885,117913,117887,117888,1
80698,13441,117961,118300,119181,118207,205690,270488,118209,1
25993,17414,118752,119070,118042,118043,151099,270488,118046,1
15023,5196,117961,118052,121949,118207,127292,270488,118209,1
40774,50495,117910,117911,117941,118568,142278,19721,118570,1
7541,2163,118219,118220,120694,118777,130218,308574,118779,1
34865,3748,117961,118300,120059,118636,133779,118638,118639,1
19712,18096,118256,118257,118623,118995,286106,292795,118997,0
80950,14811,117961,118343,118344,120812,120812,118638,120814,1
38392,58473,117929,117930,117912,117885,117913,117887,117888,1
38782,36327,117961,118327,122070,122129,305057,121916,122131,1
6094,49850,117961,118413,122007,117905,118260,290919,117908,1
14354,57818,117916,118011,118810,119323,119324,19793,119325,0
18072,40381,118573,118574,117945,2.81E+05,280788,292795,1.19E+05,1
80770,4496,117961,118225,120551,118321,117906,290919,118322,1
80880,2270,117961,118413,277693,120773,118959,118960,120774,1
38719,56591,118079,118080,117878,117879,127126,19721,117880,0
18072,7684,118573,118574,118623,126684,127423,292795,126685,1
74883,55195,126918,126919,118042,118043,118043,270488,118046,1
80683,7074,117961,118052,120096,118784,216282,290919,118786,1
31441,4736,117961,118300,118301,307024,204593,118331,118332,1
75078,7074,117961,118052,120096,118784,216282,290919,118786,1
75901,18450,117961,118052,118821,118321,118321,290919,118322,1
78226,7520,91261,118026,124725,117905,117906,290919,117908,1
27416,96013,118106,118107,117920,118568,121313,19721,118570,0
17308,7032,117961,118225,120551,133306,133307,118205,133308,1
19722,2327,117961,118300,119195,128230,302830,4673,128231,1
31990,4199,117961,118225,118403,118321,117906,290919,118322,1
87066,31056,117893,117894,117895,118568,264384,19721,118570,0
44800,50952,117961,118327,118929,118784,117906,290919,118786,1
75477,1775,120864,121013,128516,118636,194964,118638,118639,1
42085,818,117961,118300,123719,118784,240983,290919,118786,1
79092,14321,118084,118085,117884,117879,117886,19721,117880,1
33323,15450,117916,117917,117941,117885,117913,117887,117888,1
20208,2299,117961,117962,119223,123045,118959,120518,123047,1
33248,5030,117961,118343,120126,120497,133686,118424,120499,1
31652,5667,122532,122533,117945,280788,280788,292795,119082,1
25993,4567,117961,118300,118514,118278,118260,290919,118279,1
35540,19894,117929,117940,117941,118568,140630,19721,118570,1
75834,1912,119134,119135,118042,117896,287998,117887,117898,1
43876,51382,118079,118080,117878,117885,117913,117887,117888,1
25098,16569,117961,118327,120559,122269,141096,118643,122271,1
21428,16222,119062,119091,119223,119962,168365,118205,119964,1
35376,28253,118315,118463,123089,118259,128796,290919,118261,1
40897,32242,117961,118327,253965,119849,282370,118638,119851,1
25993,17270,117961,118300,128830,118826,150790,118424,118828,1
971,3954,117961,118343,120291,118422,300136,118424,118425,1
78399,20380,117961,118225,124380,307024,311622,118331,118332,1
35916,53130,117935,117936,117878,118568,173062,19721,118570,1
43194,23250,117961,118225,119136,120056,143170,118474,120058,1
13878,27758,118006,118007,117941,117879,117897,19721,117880,0
75649,17190,117961,118446,120317,118636,194985,118638,118639,1
42680,44022,117961,117962,122215,120172,130085,290919,120173,1
42768,4620,117961,118300,119181,117905,117906,290919,117908,1
15064,7492,117961,118225,125919,118054,118054,117887,118055,1
34924,27,117961,118413,120370,118321,117906,290919,118322,1
75078,13851,117961,118386,118522,307024,306404,118331,118332,1
31200,7665,117961,118343,120722,117905,117906,290919,117908,1
917,1550,117961,118225,123173,118054,120514,117887,118055,1
86219,1915,117961,118300,119181,1.18E+05,117906,290919,1.18E+05,1
20364,25630,117961,118343,120291,1.20E+05,234773,118424,1.20E+05,1
89859,19986,117961,118225,124948,120773,136187,118960,120774,1
102270,111936,117961,118300,118783,117905,117906,290919,117908,1
40955,133436,118212,118213,119136,120056,137119,118474,120058,1
45403,91993,118582,118583,117945,117946,118584,292795,117948,1
31450,18680,91261,118026,118202,117905,117906,290919,117908,1
698,2296,117961,118413,277693,120952,130134,118453,120954,1
79092,25293,117961,118386,123072,118523,306404,118331,118525,1
34886,6454,117961,118343,118856,118321,117906,290919,118322,1
34954,16833,117961,118327,123901,118536,301475,308574,118539,1
311937,215806,118315,118316,123656,118321,290919,290919,118322,1
75078,23344,117961,118052,119742,120690,127922,290919,120692,1
3853,3077,117961,118300,120312,124194,155644,118363,124196,1
41385,25607,117961,118343,118856,118784,118785,290919,118786,1
15714,15503,118573,118574,118623,118995,286106,292795,118997,1
41758,41759,118315,118463,119214,118321,150358,290919,118322,1
919,1411,117902,117903,118437,122129,305057,121916,122131,1
16591,44053,117961,117962,117904,127782,123170,290919,127783,1
75952,2270,117961,118413,120584,118958,118959,118960,118961,1
80772,70297,117961,118327,118744,118321,117906,290919,118322,1
34924,3875,117961,118327,120318,118784,121873,290919,118786,1
77998,46254,117961,118327,126310,118641,306399,118643,118644,1
17308,6021,117961,118413,122007,118451,130134,118453,118454,1
77425,7539,117961,118343,119987,1.18E+05,117906,290919,1.18E+05,1
33152,2014,117961,117962,118910,120773,127525,118960,120774,1
73106,124899,117961,118327,120171,118863,149216,118398,118865,1
278393,61016,119596,119597,118597,120789,194103,118424,120791,1
87699,7935,117961,118052,120539,118321,117906,290919,118322,1
80999,17598,117961,118300,118631,135809,176829,118331,135811,1
38972,15484,118256,118257,118623,117946,119359,292795,117948,1
79543,2641,117961,118386,118404,118321,117906,290919,118322,1
25993,5656,117961,118300,119362,119849,282370,118638,119851,1
76565,84891,120342,120343,118631,117905,117906,290919,117908,1
75057,3936,117943,117944,117945,117946,125533,292795,117948,1
3853,16314,117961,118446,120317,118321,117906,290919,118322,1
38468,13196,117951,117952,117941,117885,117886,117887,117888,1
79121,4582,118595,118596,81476,118422,149098,118424,118425,1
38468,69197,117980,117981,117920,121067,229187,121069,121070,1
45440,3918,117961,118343,118660,118912,309291,118424,118914,1
80688,4341,117961,118300,118957,118321,117906,290919,118322,1
80652,20394,117961,118052,119954,122129,305057,121916,122131,1
32270,4145,117961,118300,120026,118834,223125,118424,118836,1
26841,5504,117961,118300,118514,118321,240983,290919,118322,1
79953,2291,117961,118225,120663,122297,120664,118331,118899,1
78972,15894,117961,118052,120304,120313,206347,118424,120315,0
35381,8487,117961,118327,118320,118784,121873,290919,118786,1
43903,4565,117961,118386,121961,117905,240983,290919,117908,1
6690,15982,117961,118413,123003,118685,279443,308574,118687,1
23568,4583,117961,118413,120370,118777,232825,308574,118779,1
72345,3197,117961,118386,120361,118784,147114,290919,118786,1
74593,71892,91261,118026,121533,118028,121534,117887,118030,1
2609,26320,117961,118327,118391,117905,240983,290919,117908,1
15728,770,117961,118300,119181,128230,302830,4673,128231,1
19998,3437,118573,118574,118042,118563,118563,270488,118565,1
1020,20447,117961,118327,120283,120647,135585,118398,120649,1
20299,23755,118114,118115,118846,179731,134755,117887,117973,1
34950,25264,117961,118327,122109,118636,246819,118638,118639,1
33233,70066,91261,118026,118202,117905,117906,290919,117908,1
78167,14829,117961,118052,119986,1.18E+05,117906,290919,1.18E+05,1
34861,21280,117961,118386,120361,120690,127922,290919,120692,1
35376,3872,117961,118386,118522,118321,117906,290919,118322,0
36392,7491,117961,118300,119181,118784,118785,290919,118786,1
25305,24973,91261,118026,118229,273308,131206,249618,118232,1
42132,6235,117961,118343,118437,124194,249872,118363,124196,1
45185,46830,117929,117940,117941,118568,140630,19721,118570,1
37335,49574,117961,118052,118391,120773,118959,118960,120774,0
45862,60085,117932,117933,117878,117879,117879,19721,117880,1
74016,98592,117961,118052,120304,123045,123107,120518,123047,1
44909,3526,117961,118225,124130,119093,120324,119095,119096,1
78745,92496,117961,118300,123719,118685,279443,308574,118687,1
74466,3838,117961,118225,119924,117905,240983,290919,117908,1
78999,19959,117961,118327,274241,118777,279443,308574,118779,1
37362,100,120140,120141,142145,117905,156948,290919,117908,1
27124,4468,117961,118413,119968,118321,118448,290919,118322,1
79978,7399,118212,118213,123201,117905,117906,290919,117908,1
80605,46462,118290,118291,119837,120344,142386,118424,120346,1
33248,52735,117961,118052,120356,122067,127906,118424,122069,1
74261,17669,117961,118300,118514,118321,240983,290919,118322,1
2235,2229,117961,118300,118450,119192,132731,119184,119194,1
27082,2270,117961,118413,120584,120773,118959,118960,120774,1
35792,311696,117902,117903,118507,1.21E+05,120991,118398,120992,1
39382,3966,117961,118343,122012,118685,120316,308574,118687,1
16985,771,117961,118300,120722,118321,117906,290919,118322,1
1020,50801,117902,117903,277693,120773,118959,118960,120774,1
33054,5001,117961,118300,123007,118826,257115,118424,118828,1
41279,79105,119062,119063,124211,120516,123107,120518,120519,1
25287,7389,117961,118386,118746,118451,130134,118453,118454,1
37410,20382,117961,118300,124942,118777,279443,308574,118779,1
79092,7212,117961,118300,124725,118784,117906,290919,118786,1
1581,46185,118887,118888,118889,118890,311441,118398,118892,1
676,53338,117961,117962,122215,118784,160543,290919,118786,1
44944,24925,91261,118026,118027,121143,184698,249618,121145,1
44909,15824,117961,118225,120323,120591,120324,119095,120593,1
15797,8343,119301,119302,119303,117905,117906,290919,117908,1
78311,65711,118003,118004,117878,117879,117879,19721,117880,1
33233,33266,117961,118300,123719,118784,118785,290919,118786,1
80819,49230,117961,118300,121176,118321,117906,290919,118322,1
23986,3993,117961,118343,119598,124576,124577,118424,124578,1
40630,80413,118163,118164,117878,117885,117937,117887,117888,1
35455,17640,117961,118052,118706,118259,118707,290919,118261,1
32270,131441,117961,118343,118292,118422,300136,118424,118425,1
1115,1140,117961,117962,118352,117905,117906,290919,117908,1
78079,23203,117961,118386,118896,118792,122002,118424,118794,1
25993,4961,117961,118343,118833,307024,294485,118331,118332,1
42093,17243,117961,118300,120026,120344,311360,118424,120346,1
79815,7553,117961,118225,118403,1.18E+05,117906,290919,1.18E+05,1
34832,2199,4292,126095,118378,119192,300603,119184,119194,1
79627,7022,119062,119091,118535,118321,117906,290919,118322,1
37793,4192,117890,117891,117878,118568,292195,19721,118570,1
69628,8195,117961,118343,120270,123045,123649,120518,123047,1
80669,30533,91261,118026,119507,123648,123107,120518,123650,1
996,8088,131853,131854,118481,117905,117906,290919,117908,1
33118,50040,117961,118327,118391,118321,117906,290919,118322,1
79422,41759,118315,118463,119214,118321,117906,290919,118322,1
91746,36,117961,118413,119968,1.18E+05,117906,290919,1.18E+05,1
34688,210,117961,118386,118746,117905,117906,290919,117908,1
78311,2000,117932,117933,117878,117879,117879,19721,117880,1
15369,131441,117961,118343,118292,118422,300136,118424,118425,1
312036,5903,117929,117940,119569,119323,123932,19793,119325,1
94195,96704,117910,117911,117884,117879,117886,19721,117880,1
972,59765,117961,118386,121961,124152,304629,118424,124154,1
78175,1140,117961,117962,118352,117905,240983,290919,117908,1
36927,19717,117961,117962,118352,117905,240983,290919,117908,1
75078,28246,118315,118463,118522,118784,121926,290919,118786,1
20279,24709,117916,118011,117941,117885,117913,117887,117888,1
80022,134819,121005,121006,117945,2.81E+05,280788,292795,119082,1
79299,86857,117902,118041,118556,280788,280788,292795,119082,1
5345,18238,117961,118446,118684,1.18E+05,117906,290919,117908,1
82376,51761,117961,118413,120370,118321,117906,290919,118322,0
78116,4121,118003,118004,117878,117879,117879,19721,117880,1
23921,5043,117961,118300,118458,120344,310997,118424,120346,1
80693,15887,117961,118052,120356,120357,127906,118424,120359,1
40919,38364,118315,118463,118464,118777,156150,308574,118779,1
18072,15484,118256,118257,118623,259173,193644,292795,118943,0
31671,1923,117902,117903,118783,117905,117906,290919,117908,1
35636,21303,117961,118300,119890,120348,249620,118295,120350,1
115313,15412,117961,118343,127705,119849,127706,118638,119851,1
7543,7560,117961,118300,119195,117905,117906,290919,117908,1
74697,14889,117961,118300,118437,118321,117906,290919,118322,1
44987,3688,120883,120884,118378,119192,300603,119184,119194,1
28850,22431,117961,118413,126229,132671,126363,290919,132673,1
13878,20648,118219,118220,117941,117879,117879,19721,117880,1
75216,1723,117961,119256,120943,118995,118806,292795,118997,1
34209,69226,91261,118026,118821,119962,168365,118205,119964,1
18418,4933,117961,118300,118458,307024,215389,118331,118332,0
75078,7084,117961,118386,121961,118777,279443,308574,118779,1
17249,5015,117961,118300,118395,118890,311441,118398,118892,1
44991,6982,117961,118300,118360,117905,117906,290919,117908,1
278393,43994,117961,117962,118791,307024,306404,118331,118332,1
44987,7069,117961,118386,123844,118321,117906,290919,118322,1
40189,5210,117961,118343,119598,119433,133686,118424,119435,1
16933,3526,117961,118225,120323,122849,122849,119095,122850,1
78711,25194,117961,118343,123125,117905,117906,290919,117908,1
28149,112659,118315,118463,123656,118321,117906,290919,118322,1
79092,4903,118290,118291,118825,118293,196697,118295,118296,0
15716,794,118752,119070,117945,280788,152940,292795,119082,1
40484,4023,117961,118446,119064,118321,117906,290919,118322,1
32270,45965,117961,118386,120677,307024,294485,118331,118332,1
77258,25618,117961,118327,118320,118321,117906,290919,118322,1
41128,14731,117961,118446,118447,118321,222729,290919,118322,1
73586,63,119920,119921,142145,118321,156948,290919,118322,1
16639,17598,117961,118300,118631,135809,176829,118331,135811,1
14354,13031,5110,117954,117895,118568,157237,19721,118570,1
31352,53297,126918,126919,118042,118043,118043,270488,118046,1
79200,70056,117961,118225,118403,118685,126297,308574,118687,1
972,2908,117961,118343,118979,120344,303717,118424,120346,1
34156,3692,117961,118413,120370,121594,170665,4673,121596,1
25628,50134,119301,119302,119303,118784,118785,290919,118786,1
42228,42230,117961,118327,118744,118259,125889,290919,118261,1
73993,4341,117961,118300,118957,118321,117906,290919,118322,0
45709,4145,117961,118300,120026,120344,303717,118424,120346,1
38470,90820,118079,118080,117878,117885,117913,117887,117888,1
33111,56161,117961,118225,119824,122129,305057,121916,122131,1
31929,27818,117916,117917,117884,117879,117886,19721,117880,1
75659,6453,125714,125715,118910,118784,229339,290919,118786,1
1020,25558,118990,118991,118992,307024,294485,118331,118332,1
18373,4511,117961,118300,119181,118321,117906,290919,118322,1
17849,17860,117961,118386,131067,120033,142080,19793,120035,1
74462,1986,117961,117962,119223,124886,306399,118643,124888,1
25328,1550,117961,118225,123173,118054,120716,117887,118055,1
15797,50134,119301,119302,119303,117905,117906,290919,117908,1
20222,15618,118256,118257,117945,280788,280788,292795,119082,1
26313,2291,117961,118225,120663,122297,120664,118331,118899,1
35401,3917,117961,118300,121405,118321,118448,290919,118322,1
79969,17225,117961,118300,19772,138019,187788,120518,138021,1
39939,53240,117876,117877,117878,117879,167135,19721,117880,1
391,79911,117922,117923,117941,117879,117886,19721,117880,1
26313,2395,117961,118300,123055,118728,301534,118295,118730,1
3264,139593,117902,118041,119781,130479,179826,119784,130481,1
28586,1309,117961,118225,118403,118321,117906,290919,118322,1
43278,32457,117961,118327,118320,118502,130777,118504,118505,1
80843,994,117961,118300,120312,119849,124690,118638,119851,1
3853,5242,117961,118052,120671,120357,120065,118424,120359,1
4675,196,117961,118413,121639,117905,172635,290919,117908,1
39631,51781,119280,119281,118623,118995,136748,292795,118997,1
16089,17790,117961,118225,119924,117905,117906,290919,117908,1
278393,5313,117961,118052,120356,122067,141493,118424,122069,1
6921,85475,117961,118300,123472,122022,150273,119221,122024,1
79121,49521,117961,118300,118301,119849,235245,118638,119851,1
16232,5909,117961,118446,16232,118321,117906,290919,118322,1
33642,58695,117929,117940,117941,118568,125259,19721,118570,1
15714,31261,118582,118583,117945,280788,136634,292795,119082,1
36480,55643,118256,118257,117945,280788,280788,292795,119082,1
17761,17550,117961,118446,118684,117905,117906,290919,117908,1
35027,4659,117961,118225,120663,117905,240983,290919,117908,1
27122,54308,126974,126975,118518,118043,118756,270488,118046,1
78023,14560,117951,117952,117920,117879,117897,19721,117880,1
23096,7586,117961,118225,118403,118321,240983,290919,118322,1
27400,14758,117961,118225,120054,118702,122081,118704,118705,1
20897,32117,117887,118178,117945,118811,309981,19793,118813,0
25749,60139,118555,118178,119262,117946,119263,292795,117948,0
78841,7.95E+02,117961,118225,120551,118321,240983,290919,118322,1
35017,17227,117961,118343,123476,118980,301534,118295,118982,1
1969,46224,117961,118327,118378,120952,143223,118453,120954,1
29922,3332,117961,118343,121747,118321,117906,290919,118322,1
3853,51138,117961,118413,119968,118321,117906,290919,118322,1
41594,20102,117961,118327,123757,122129,187084,121916,122131,1
4675,7212,117961,118343,124725,140847,140848,118363,140849,1
20349,2104,117961,118300,118066,118636,130218,118638,118639,1
36575,14348,118169,118170,118623,117946,144221,292795,117948,1
28867,6225,117961,118343,118437,118784,117906,290919,118786,1
27178,1080,117961,118052,118378,118451,151171,118453,118454,1
31728,25,117961,117962,122224,117905,240983,290919,117908,1
79299,54655,121005,121006,118575,259173,142741,292795,118943,1
18913,27518,117929,117930,119569,179731,178688,117887,117973,0
25416,19857,117929,117940,117920,118568,281735,19721,118570,1
38360,26828,118138,118139,117920,118568,281735,19721,118570,0
59756,4904,119170,119171,121747,120344,127405,118424,120346,1
74142,46254,117961,118327,126310,124886,123881,118643,124888,1
18418,94844,117961,117969,121617,121618,121619,121620,121621,1
80799,3889,117961,118386,121668,117905,117906,290919,117908,1
100973,18417,117961,118343,119598,307024,294485,118331,118332,1
76832,30533,91261,118026,119507,123045,123107,120518,123047,1
80519,18011,117961,117969,118560,118674,131356,19793,118676,1
81524,24974,91261,118026,118027,119409,122603,119006,119411,1
73123,1584,117961,118327,128935,118396,299403,118398,118399,1
20349,25813,117961,118300,119181,1.19E+05,118842,118643,1.19E+05,1
37651,13402,118219,118220,117878,119778,122018,19721,119779,1
25305,7551,117961,118052,118867,118321,117906,290919,118322,1
43504,3242,117961,118343,118514,118321,240983,290919,118322,1
23096,1903,117961,118343,118514,118321,117906,290919,118322,1
95529,7539,117961,118343,119987,117905,117906,290919,117908,1
25749,14348,118169,118170,118623,280788,193644,292795,119082,1
110112,7525,117961,118225,120551,118321,118406,290919,118322,1
20364,13845,117961,117962,118791,118792,211906,118424,118794,1
39632,64713,120140,120141,118733,118734,255008,118736,118737,1
40997,84718,117961,118225,121716,120611,221283,249618,120613,1
79092,17598,117961,118300,118631,135809,176829,118331,135811,1
25677,6482,117961,118052,118821,117905,117906,290919,117908,1
72024,51345,117961,118052,120417,120418,249618,249618,120419,1
14914,2908,117961,118343,118979,118980,301534,118295,118982,1
79092,23312,117961,117962,118416,123067,269406,118398,123068,1
29304,29647,117975,117976,117884,117879,117886,19721,117880,1
4675,7560,117961,118300,119181,117905,117906,290919,117908,1
16639,5001,117961,118343,118911,118826,257115,118424,118828,1
74431,7320,5110,117954,122672,128197,273102,119772,128199,1
4675,242142,125714,125715,118514,118321,117906,290919,118322,1
80313,7910,117961,118052,118053,118054,118054,117887,118055,1
15064,57580,119596,119597,125440,119192,130411,119184,119194,0
4675,15964,117961,118446,120317,118361,127527,118363,118364,1
20299,61026,117929,117940,117941,117885,117913,117887,117888,1
41234,79403,117983,117984,117878,117899,119057,19721,117900,1
80551,6227,117961,118343,118437,118784,117906,290919,118786,1
45773,7021,117961,118300,118783,118784,287626,290919,118786,1
7543,7615,117961,118300,120059,121469,128942,118424,121471,1
3853,17728,117961,118052,119986,118259,117906,290919,118261,1
75078,92274,118315,118316,118522,129229,129230,119788,129231,1
16434,3053,117961,118225,120663,1.22E+05,131163,4673,1.22E+05,0
35451,21866,117961,117969,118816,120647,311441,118398,120649,1
5112,2765,118290,118291,118301,120344,267006,118424,120346,1
18418,51243,117961,118300,123055,120344,134311,118424,120346,1
34950,15918,117961,118327,118320,118784,147114,290919,118786,1
27356,3608,117961,118052,120671,120418,232183,249618,120419,1
73725,70264,117961,118343,118437,118523,310608,118331,118525,1
699,783,117961,118413,277693,128230,302830,4673,128231,1
34186,52426,118887,118888,124656,118912,309291,118424,118914,1
25993,5143,117961,118343,123125,118636,310589,118638,118639,1
15665,51761,117961,118413,120370,117905,117906,290919,117908,1
41594,5897,126974,126975,118963,118636,310589,118638,118639,1
14925,795,117961,118225,120551,118784,117906,290919,118786,0
34580,1448,117902,117903,120722,117905,117906,290919,117908,1
77049,12221,117922,117923,117884,118568,214747,19721,118570,1
75047,7547,117961,118327,118933,118784,130086,290919,118786,0
18255,14889,117961,118300,118437,1.18E+05,117906,290919,1.18E+05,1
74818,4274,117961,118327,118744,120591,183734,119095,120593,1
80762,79114,117961,118225,124449,119849,310589,118638,119851,1
116607,7578,117961,118343,120722,118784,121873,290919,118786,1
3264,1550,117961,118225,123173,118054,121311,117887,118055,1
24896,17225,117961,118300,19772,138019,187788,120518,138021,1
37973,2253,117961,118225,119824,123648,305057,120518,123650,1
4675,6481,117961,118343,123454,118321,117906,290919,118322,1
79121,4763,117961,118300,118395,118396,269406,118398,118399,1
45904,121004,121005,121006,117945,280788,155276,292795,119082,1
73756,60790,117961,118052,118867,118523,311622,118331,118525,1
42093,15412,117961,118343,127705,119849,127706,118638,119851,1
79131,7520,117961,118343,124725,117905,240983,290919,117908,1
20364,5228,119596,119597,168533,120789,301124,118424,120791,1
18405,16971,117961,118300,119993,118321,240983,290919,118322,1
3826,169,117961,118413,121639,118321,117906,290919,118322,1
74195,4566,119062,119091,118992,179731,117906,117887,117973,1
75078,5697,117961,118386,118692,118321,117906,290919,118322,1
6977,795,117961,118225,120551,118784,117906,290919,118786,1
3853,49823,117961,118300,127168,118321,240983,290919,118322,1
111588,16922,117961,117962,118501,117905,240983,290919,117908,1
78311,71949,117932,117933,117878,118568,292195,19721,118570,1
25552,6736,117961,117969,6725,122290,268766,6725,122292,1
74743,56591,118079,118080,117878,117879,243698,19721,117880,1
18418,3623,117961,118343,121747,307024,306404,118331,118332,1
3853,4718,117961,118446,120317,118321,117906,290919,118322,1
80185,1443,117961,118343,120722,118784,117906,290919,118786,1
16174,19623,117961,118225,118403,117905,141377,290919,117908,1
45974,2440,118752,119070,119121,280788,280788,292795,119082,1
21447,31093,117961,118343,118810,118674,123679,19793,118676,0
17249,4910,117961,118343,118911,118912,284092,118424,118914,1
38704,31056,117893,117894,117895,117885,117913,117887,117888,1
20271,24708,117916,118011,118599,179731,155386,117887,117973,1
33249,4308,117961,118343,118833,118054,137362,117887,118055,1
4675,7014,117961,118446,119961,118259,118260,290919,118261,1
90501,7560,117961,118300,119195,117905,117906,290919,117908,1
41325,13441,117961,118225,122870,118207,279443,270488,118209,1
17292,15568,117961,118446,124170,118890,311441,118398,118892,1
6977,7434,117961,118343,118514,117905,117906,290919,117908,1
16018,1398,117961,118300,118437,118784,130735,290919,118786,1
33642,50581,118114,118115,117941,117879,142967,19721,117880,1
40864,58504,117975,117976,117941,121246,136340,118131,121248,1
44301,7339,117961,118300,118360,124194,130884,118363,124196,1
101949,3966,117961,118343,122012,118451,130134,118453,118454,1
43773,19858,117929,117940,117941,117879,117886,19721,117880,1
79121,4931,118290,118291,120026,118422,243787,118424,118425,1
79889,17514,117961,118343,121747,118321,117906,290919,118322,1
39262,15918,117961,118327,118320,118784,160991,290919,118786,1
20296,50366,118138,118139,117884,117879,117886,19721,117880,1
73228,4378,117961,118327,118507,118863,122008,118398,118865,1
79299,15512,117961,118343,119984,118890,125128,118398,118892,1
45325,2260,117961,118343,119598,120497,133686,118424,120499,1
74236,33,117961,118413,118501,144353,144354,118504,144355,1
76860,4272,117961,118343,120666,120773,270820,118960,120774,1
77178,21036,117961,118327,121694,122645,159701,119221,122647,1
19666,22847,117961,117969,19666,120647,123016,118398,120649,1
76876,2354,117961,117962,118501,118502,118503,118504,118505,1
39262,5511,117961,118386,119954,117905,172635,290919,117908,1
25731,3748,117961,118300,120059,118636,133779,118638,118639,1
6977,7644,117961,118225,120383,120690,120690,290919,120692,1
76860,7014,117961,118446,119961,118259,118260,290919,118261,1
23722,84718,117961,118225,121716,120418,254229,249618,120419,1
27356,5697,117961,118386,118692,117905,240983,290919,117908,1
25098,2371,117961,117962,118501,118502,308462,118504,118505,1
80701,4571,117961,118225,119924,118685,279443,308574,118687,1
34950,59347,117961,118327,118320,118321,118448,290919,118322,1
38481,57986,118185,31010,117884,117885,117913,117887,117888,1
153,163,117961,118413,121639,118536,118537,308574,118539,1
1937,1483,117961,117962,118840,124886,143242,118643,124888,1
21432,6986,119062,119091,120323,119093,119094,119095,119096,1
74302,52481,117983,117984,117878,117879,117897,19721,117880,1
153,154,117961,118413,121639,118685,120316,308574,118687,1
33245,1030,117961,118343,120722,118361,127527,118363,118364,1
7543,1398,117961,118300,118437,118321,117906,290919,118322,1
79092,5490,117961,117962,5488,120988,152777,118643,120989,1
17278,120114,118725,118726,119076,118422,124426,118424,118425,1
44944,7551,117961,118052,118867,118321,117906,290919,118322,1
45790,25254,117961,118327,120299,121122,121788,118612,121124,1
26430,36010,117893,117894,117895,117896,117897,117887,117898,1
74310,7212,117961,118343,124725,118784,117906,290919,118786,1
17226,4642,117961,118225,120551,118685,279443,308574,118687,1
15815,4583,117961,118413,120370,118784,240983,290919,118786,1
39392,5313,117961,118052,120356,122067,141493,118424,122069,1
15672,111936,117961,118300,118783,117905,117906,290919,117908,1
42031,71391,117961,118386,118522,118278,229232,290919,118279,1
40729,770,117961,118343,119181,118451,130134,118453,118454,1
931,6252,117961,118300,120312,124419,157234,118424,124421,1
25682,18450,117961,118052,118821,121594,142587,4673,121596,1
41594,117445,119062,119091,118535,117905,117906,290919,117908,1
37007,5511,117961,118386,120361,117905,117906,290919,117908,1
917,1550,117961,118225,123173,119093,123174,119095,119096,1
45337,15422,117961,118386,118867,120097,154656,270488,120099,1
41594,32242,117961,118327,253965,119849,282370,118638,119851,1
79092,4219,117961,118300,120312,120313,157234,118424,120315,1
82090,3875,117961,118327,120318,118321,117906,290919,118322,0
20897,110041,117961,118300,118810,118811,136909,19793,118813,0
25993,5742,117961,118327,120559,118685,279443,308574,118687,1
74195,4566,119062,119091,118992,1.18E+05,117906,117887,118030,1
31689,111936,117961,118300,118783,118321,117906,290919,118322,1
75214,70243,117961,118327,118492,118451,125738,118453,118454,0
41594,50043,117961,118327,118929,124810,137809,249618,124812,1
28579,7510,117961,118446,118684,118784,124402,290919,118786,1
23971,13798,117961,118446,123858,122645,234301,119221,122647,1
1020,221,117961,118413,240766,117905,153318,290919,117908,1
23497,5021,117961,118300,118458,118293,118302,118295,118296,1
39600,53010,118752,119070,119781,118563,171750,270488,118565,1
79299,15491,117961,118343,119796,118702,303450,118704,118705,1
43955,14798,117961,118386,118746,121594,126485,4673,121596,0
16639,4771,117961,118300,119031,118054,120716,117887,118055,0
75649,8563,117961,118300,118783,118321,117906,290919,118322,1
33229,70066,91261,118026,118202,119962,168365,118205,119964,1
45055,7505,117961,118300,119181,118321,117906,290919,118322,1
34056,7389,117961,118386,118746,118451,152307,118453,118454,1
6977,3486,118752,119070,118042,118563,171750,270488,118565,1
45233,11523,118106,118107,117884,118568,141938,19721,118570,1
79092,7408,117961,117962,118352,118321,240983,290919,118322,1
26390,2610,117961,118327,121979,118321,117906,290919,118322,1
37793,20440,117890,117891,117878,117879,117879,19721,117880,1
33054,14855,117961,118300,123719,118451,153802,118453,118454,0
17278,30523,117961,118343,119984,123067,269406,118398,123068,1
79021,55789,121785,121786,120299,121122,217580,118612,121124,1
36301,6982,117961,118300,118783,118321,118406,290919,118322,1
14666,1398,117961,118300,120722,118784,130735,290919,118786,0
25993,55195,126918,126919,118042,118043,118043,270488,118046,1
14831,7014,117961,118446,119961,118278,117906,290919,118279,1
3853,18189,117961,118327,119195,119351,206049,3130,119353,1
35952,2299,117961,117962,119223,123737,131844,118960,123738,1
80661,19986,117961,118225,125139,120773,118959,118960,120774,0
112130,4215,118212,118213,118597,118728,301534,118295,118730,1
80654,5330,117961,118052,118867,118685,279443,308574,118687,1
28472,46608,118315,118463,122636,120773,123148,118960,120774,1
6977,2541,117961,118343,118856,117905,240983,290919,117908,1
42202,3838,117961,118225,119924,118321,118448,290919,118322,0
5045,4175,117961,118343,119598,120789,133686,118424,120791,1
4675,5409,117961,118343,119993,118321,240983,290919,118322,1
79000,5665,117890,118102,117878,120628,278014,118131,120629,1
75078,17465,91261,118026,118202,118278,118260,290919,118279,1
26432,5168,118290,118291,119703,118912,207272,118424,118914,1
278393,3074,117961,117962,120677,307024,306404,118331,118332,1
34583,1450,117961,118300,118437,119962,168365,118205,119964,1
15013,7454,117961,118413,122007,118784,126519,290919,118786,1
17278,120340,120342,120343,119076,118834,311236,118424,118836,1
78532,23225,117961,118300,119984,120647,311441,118398,120649,1
15716,7714,118573,118574,117945,280788,180890,292795,119082,1
29695,46104,117961,118327,120559,120618,304465,118643,120619,1
27124,50728,117961,118327,123631,118502,157266,118504,118505,1
38391,56310,118212,118580,117895,117885,117913,117887,117888,1
40061,6285,117961,118300,132427,118321,117906,290919,118322,1
34223,2034,117961,118052,118328,299559,259703,118205,163732,1
36031,174,117961,118413,121639,118321,117906,290919,118322,1
75445,70479,118953,118954,117941,118568,135898,19721,118570,1
75047,16527,91261,118026,118229,118203,190841,118205,118206,1
77320,7067,117961,118225,118403,117905,117906,290919,117908,1
78842,15768,117961,118225,124449,122297,143193,118331,118899,1
18418,4931,118290,118291,120026,118422,243787,118424,118425,1
39937,19986,117961,118225,125139,120773,118959,118960,120774,1
79411,87910,91261,118026,119279,118451,126309,118453,118454,1
42668,7525,117961,118225,120551,117905,240983,290919,117908,1
3853,2944,117961,118343,119796,119351,257510,3130,119353,1
37951,14695,118602,118603,117941,117885,119621,117887,117888,1
28315,17393,117961,118225,119781,118207,164476,270488,118209,1
43893,32457,117961,118327,118320,117905,117906,290919,117908,1
16768,15824,117961,118225,120323,122849,120324,119095,122850,1
74679,53242,117876,117877,117878,118568,179860,19721,118570,1
31825,49425,117961,118343,119598,118422,300136,118424,118425,1
43831,5899,117961,118327,120318,118841,152788,118643,118843,1
278393,22496,117961,118300,118631,118054,118054,117887,118055,1
44861,7737,117902,118041,118575,119778,174194,19721,119779,1
5173,5048,117961,118300,118458,119928,310608,118331,119929,1
6502,13425,119027,119028,117878,118054,119029,117887,118055,1
18063,3281,117961,118225,119238,122849,120324,119095,122850,1
75078,92216,118315,118316,120764,118465,175082,118467,118468,1
932,6225,117961,118343,118437,117905,117906,290919,117908,1
40474,1527,117961,118327,253965,117905,117906,290919,117908,1
92280,28890,117961,118327,118529,138019,229991,120518,138021,1
52367,54618,117961,118052,118992,118321,117906,290919,118322,0
73132,52417,117961,117962,118791,118396,300044,118398,118399,1
81298,49353,117961,117962,118910,117905,117906,290919,117908,1
37639,27511,118120,118121,117941,117885,117913,117887,117888,1
83046,7393,117902,117903,120428,117905,117906,290919,117908,1
42085,4909,117961,118300,118458,120006,143820,118424,120008,1
34148,2113,117951,117952,117878,128093,128322,119184,128095,1
43952,23228,117961,118446,118471,130606,255657,118474,130607,1
18605,7067,117961,118225,118403,118321,240983,290919,118322,1
75834,1840,117961,118343,118514,118321,240983,290919,118322,1
79121,140260,118163,119075,119076,118834,311236,118424,118836,1
74192,16850,117961,118225,119092,122849,119094,119095,122850,1
42085,52194,117961,118052,126137,126138,126139,124136,126140,1
98494,7133,117961,118327,118320,118784,118785,290919,118786,1
15064,51318,117961,118300,119890,118054,120514,117887,118055,1
111652,5043,117961,118300,118458,120006,310997,118424,120008,1
75649,3053,117961,118225,120663,118641,306399,118643,118644,1
45757,4738,117961,118300,118458,120006,311622,118424,120008,1
80715,141,117961,118225,122273,120773,118959,118960,120774,1
26411,10038,118023,118024,117895,117885,117955,117887,117888,1
6977,3868,117961,118052,122938,117905,117906,290919,117908,1
35376,8068,117961,118386,121668,118321,117906,290919,118322,1
79325,17733,117961,118300,119984,118890,125128,118398,118892,1
34861,8520,117961,118386,119954,119962,168365,118205,119964,1
79888,8516,117961,118386,118733,169634,235935,118736,169635,1
20292,50641,117926,118124,117941,117879,117886,19721,117880,1
933,3097,117961,118300,120312,118792,222652,118424,118794,1
34434,17244,117961,118052,120398,118784,127126,290919,118786,0
20299,14674,11146,118491,117920,118568,163031,19721,118570,1
40331,4576,117961,118327,118391,123045,123107,120518,123047,1
79881,56769,117918,117919,118483,117879,117886,19721,117880,1
31825,3811,120864,121013,118395,118396,269406,118398,118399,0
109183,30533,91261,118026,119507,123648,123107,120518,123650,1
30854,2270,117961,118413,120666,120773,118959,118960,120774,1
74142,1117,117961,117962,118352,117905,117906,290919,117908,1
23465,4729,117961,118300,118301,118054,118443,117887,118055,0
115057,17394,117961,118413,122007,118321,117906,290919,118322,1
42085,14650,118219,118220,117920,117899,117899,19721,117900,1
31661,6482,117961,118052,118992,118321,118448,290919,118322,1
42085,17227,117961,118343,123476,118980,301534,118295,118982,1
78429,12221,117922,117923,117884,118568,214747,19721,118570,1
32270,25318,117961,118052,121667,122060,152987,290919,122062,1
42031,3872,117961,118386,118522,118321,123513,290919,118322,1
34580,744,117961,118300,120722,118321,117906,290919,118322,1
28441,3332,117961,118343,121747,117905,117906,290919,117908,1
31441,4272,117961,118343,120666,123045,123107,120518,123047,1
31224,3000,117961,118225,120551,118321,118448,290919,118322,1
43147,2991,117961,118343,118700,118784,117906,290919,118786,1
40438,27214,117961,118386,118692,118685,279443,308574,118687,1
34991,5249,117961,118386,123144,118396,269406,118398,118399,1
23131,19760,117961,117962,118352,117905,240983,290919,117908,1
18072,15978,117961,119256,119257,117946,118806,292795,117948,1
41470,14289,118602,118603,117941,118568,118568,19721,118570,0
45300,49403,118595,118596,118367,118054,118054,117887,118055,1
80660,78408,117961,118386,125884,307024,255097,118331,118332,1
73134,43514,117961,118446,120620,118801,160106,19793,118803,1
14570,17610,118006,118007,117884,117879,122240,19721,117880,1
34260,8698,120864,120865,119824,117905,117906,290919,117908,0
74717,4308,117961,118343,118833,118834,309123,118424,118836,1
17308,15764,91261,118026,119362,119065,158390,118667,119067,1
34902,5636,117961,118413,122007,118321,117906,290919,118322,1
110614,15504,117961,118386,123656,118321,117906,290919,118322,1
38124,82800,117929,117930,117884,117885,117913,117887,117888,1
3853,2344,118212,118213,118395,118396,233714,118398,118399,1
74390,3526,117961,118225,137996,119093,121698,119095,119096,1
108171,7553,117961,118225,118403,117905,240983,290919,117908,1
42733,7560,117961,118300,119181,118321,117906,290919,118322,1
38470,79103,118023,118024,117895,117885,117955,117887,117888,1
75078,41759,118315,118463,119214,118321,150358,290919,118322,1
45567,13827,117961,118343,118514,118685,122058,308574,118687,1
32094,32117,117887,118178,128742,134067,305581,19793,134069,1
80032,7935,117961,118052,120539,117905,117906,290919,117908,1
17825,2312,117902,117903,119181,128230,302830,4673,128231,1
34958,7987,117961,118327,120383,118784,213944,290919,118786,1
18229,189,117961,118413,121639,118321,117906,290919,118322,1
29304,62490,117975,117976,117920,120132,197098,120134,120135,1
34964,50538,118953,118954,117920,118568,131694,19721,118570,1
13878,53230,117876,117877,117878,118568,292195,19721,118570,1
20299,16641,117929,117930,119569,179731,255789,117887,117973,0
1020,1443,117961,118343,120722,118321,117906,290919,118322,1
20279,83363,117922,117923,117884,117885,117913,117887,117888,1
40462,3843,117961,118413,120370,118784,237727,290919,118786,1
37260,67615,117932,117933,117878,118568,310414,19721,118570,1
80873,7578,117961,118343,120722,118784,117906,290919,118786,1
85557,97016,119062,119091,118957,117905,117906,290919,117908,1
1020,79603,117961,118386,125884,1.23E+05,293990,3130,1.23E+05,1
74270,5158,118290,118291,118597,1.18E+05,118294,118295,1.18E+05,1
77300,4623,118582,118583,117945,117946,117946,292795,117948,1
6977,2976,117902,117903,118700,118321,117906,290919,118322,1
75078,25616,122532,123330,118317,174391,241995,119695,174393,1
27714,15918,117961,118327,118320,118685,120316,308574,118687,1
73083,70274,119062,119091,118042,118563,118563,270488,118565,1
41576,3944,117961,118343,118514,118784,118785,290919,118786,1
4675,16752,119062,119091,143531,117905,118036,290919,117908,1
23096,16724,118212,118213,120551,117905,240983,290919,117908,1
35394,7032,117961,118052,118992,118259,287351,290919,118261,0
28634,67326,117910,117911,117912,118568,198040,19721,118570,1
80151,6227,117961,118343,118437,118784,117906,290919,118786,1
80842,1030,117961,118343,120722,118361,118362,118363,118364,1
32423,20169,117961,118343,118660,117905,117906,290919,117908,1
38391,54321,117890,117891,117878,117879,117879,19721,117880,1
79208,15530,118573,118574,117945,280788,158910,292795,119082,0
15714,7789,118573,118574,117945,117946,144259,292795,117948,1
1020,25557,117961,118300,121951,118321,240983,290919,118322,1
4675,1447,117961,118343,120722,120690,120690,290919,120692,1
31200,770,117961,118343,119181,118451,130134,118453,118454,1
39182,7424,5110,117954,122672,130857,125539,308574,130858,1
42388,8204,117961,118052,118867,118054,305057,117887,118055,1
79361,3875,117961,118327,120318,118321,117906,290919,118322,1
3130,3189,117961,118343,118856,119743,260524,3130,119745,1
4675,1978,117961,118327,120559,122269,141096,118643,122271,1
116246,4698,117961,117962,118352,117905,117906,290919,117908,1
73032,21592,117926,118266,117920,118568,310732,19721,118570,1
34433,50976,117961,118413,119968,117905,117906,290919,117908,1
16320,17759,117961,118413,122007,118536,118536,308574,118539,1
37734,69126,118090,118091,119424,179731,118017,117887,117973,1
33886,57580,118169,118170,118450,118636,131394,118638,118639,1
86328,5697,117961,118386,118692,118321,240983,290919,118322,1
42508,5541,117961,118300,118514,118321,117906,290919,118322,1
278393,20900,118752,119070,119136,119137,176103,118474,119139,1
42093,17251,117961,118300,121108,120344,202649,118424,120346,1
20293,27915,117926,117927,117920,118568,281735,19721,118570,1
6704,6199,117961,118225,120663,117905,240983,290919,117908,1
32642,49064,118555,118178,118556,117946,118557,292795,117948,1
77510,4589,117961,118327,120383,120690,120690,290919,120692,1
80466,120822,119596,119597,120823,120647,311441,118398,120649,1
25274,20560,117876,117877,117878,1.18E+05,117879,19721,1.18E+05,1
79698,14928,117961,118446,120317,120690,136365,290919,120692,1
18418,4886,117961,118343,118979,118422,155142,118424,118425,1
20281,24708,117916,118011,118599,179731,155386,117887,117973,1
42085,13794,117961,118052,120417,118702,125047,118704,118705,0
18519,32242,117961,118327,118929,118259,120721,290919,118261,1
5452,25,117961,117962,122224,118321,117906,290919,118322,1
35376,27214,117961,118386,118733,118685,279443,308574,118687,1
39863,2017,117961,118327,121645,124886,147144,118643,124888,1
13878,2163,118219,118220,120694,118777,130218,308574,118779,1
25883,59312,118550,118551,118378,118054,132841,117887,118055,1
20272,71161,117910,117911,117941,117885,117913,117887,117888,1
32270,4362,117961,118343,126955,118777,279443,308574,118779,1
34950,12397,117961,118327,121787,123045,123107,120518,123047,1
20202,3071,120864,120865,139897,184274,310016,151277,184276,1
35792,46185,118887,118888,118889,118890,206237,118398,118892,1
78327,55982,117983,117984,117878,117899,119057,19721,117900,1
19989,17218,117961,118300,118395,123067,269406,118398,123068,1
77445,5244,117961,118343,119598,118321,240983,290919,118322,1
42668,4108,118887,118888,119136,120056,137950,118474,120058,1
75078,24974,91261,118026,118027,119409,118148,119006,119411,1
45624,7389,117961,118386,118746,118451,152307,118453,118454,1
17308,3993,117961,118343,120126,120497,223125,118424,120499,1
78972,17561,91261,118026,118202,118278,118260,290919,118279,1
15716,15639,117902,118041,117945,117946,118806,292795,117948,1
27082,15542,117961,118300,118395,118396,300044,118398,118399,1
38718,66827,117910,117911,117884,117885,117913,117887,117888,1
23970,46526,117961,118300,119984,118396,269406,118398,118399,1
80723,15542,117961,118300,118395,123067,269406,118398,123068,1
14354,5549,122880,122974,117945,280788,135815,292795,119082,1
15703,1938,117961,118300,118066,120560,304465,118643,120562,1
78745,4945,117961,118300,118360,118129,122064,118131,118132,1
34954,70641,117961,118327,120318,118685,310608,308574,118687,1
971,4375,117961,118343,120347,118826,257115,118424,118828,1
25240,74831,117961,118327,118391,120702,132069,118504,120704,1
15030,94005,117902,118041,120323,122849,138522,119095,122850,1
25270,15902,117961,118052,120398,118054,121311,117887,118055,1
35634,49384,117961,118343,118609,118728,301534,118295,118730,1
34223,6217,117961,118327,118328,120765,120765,118467,120767,1
45095,58883,117902,118041,118556,280788,280788,292795,119082,0
25442,12986,5110,117954,117895,117899,117897,19721,117900,1
25274,55895,117961,118343,118833,118777,279443,308574,118779,1
14354,31857,117929,117930,117912,117879,117886,19721,117880,1
73490,16641,117929,117940,117941,118568,293374,19721,118570,1
25993,23200,117961,118343,123125,118685,120316,308574,118687,1
25886,26312,138798,138799,120539,118321,117906,290919,118322,1
42093,61062,117961,118446,120368,119849,303111,118638,119851,1
21746,79366,117961,118413,120526,117905,240983,290919,117908,1
58678,3236,117961,118327,129972,118784,117906,290919,118786,1
38957,7505,117961,118300,119181,118321,117906,290919,118322,0
15927,7520,117961,118343,124725,118784,117906,290919,118786,1
79092,86385,117961,118225,121574,122645,309858,119221,122647,1
39252,11987,118006,118007,118008,118568,226012,19721,118570,1
33248,51124,117961,118300,118631,118834,123413,118424,118836,1
25993,8.06E+02,117961,118300,123719,118321,117906,290919,118322,1
75078,88387,118315,118463,118522,119172,121927,118467,119174,1
22391,1550,117961,118225,123173,118054,119601,117887,118055,1
25240,50040,117961,118327,118391,117905,117906,290919,117908,1
80541,2344,118212,118213,120823,120647,311441,118398,120649,1
33247,743,117961,118343,120722,118784,117906,290919,118786,1
39932,2819,117961,118300,120410,118321,117906,290919,118322,1
37942,13555,117935,117936,118810,119899,310825,19793,119900,1
37793,54321,117890,117891,117878,117899,117879,19721,117900,1
75455,4669,117961,118327,118391,118321,117906,290919,118322,1
4675,2641,117961,118327,118391,118784,117906,290919,118786,1
72024,15516,117961,118052,120304,118702,132675,118704,118705,1
4675,7001,117961,118327,118933,128230,302830,4673,128231,1
4675,126191,119301,119302,119303,117905,117906,290919,117908,1
23127,55132,118169,118170,118042,118054,119008,117887,118055,1
81476,23614,117961,118300,117878,122129,124893,121916,122131,1
104316,169,117961,118413,121639,117905,287626,290919,117908,1
23862,14731,117961,118446,118447,119346,302830,4673,119348,1
42006,14862,117961,118225,118403,118980,301534,118295,118982,0
80578,901,117902,117903,120428,117905,117906,290919,117908,1
79092,5262,119596,119597,124133,120344,282594,118424,120346,1
74342,49440,117961,118300,118631,118422,142573,118424,118425,1
45361,5278,118887,118888,125440,120006,303717,118424,120008,1
969,7703,117943,117944,117945,118274,129282,292795,118276,1
982,4413,117961,118343,118821,117905,117906,290919,117908,1
42085,17264,117961,118300,118825,118459,251992,249618,118461,1
27348,51243,117961,118300,123055,120344,134311,118424,120346,1
25565,1755,117961,117962,119223,125793,146749,118643,125795,1
33249,4993,117961,118343,118979,118912,309291,118424,118914,1
79121,2710,118290,118291,120823,118890,189881,118398,118892,1
20897,17856,117961,118327,118673,118811,286597,19793,118813,0
27356,6217,117961,118327,118328,120765,120765,118467,120767,1
3853,4828,117961,118343,118395,118890,125128,118398,118892,1
39138,17561,91261,118026,118202,118278,151426,290919,118279,1
34430,3944,117961,118343,118514,118784,118785,290919,118786,1
44874,70056,117961,118225,118403,118777,131444,308574,118779,1
34924,1912,119134,119135,118042,117896,287998,117887,117898,1
40753,57580,118169,118170,118450,118636,131394,118638,118639,1
79363,6235,117961,118343,118437,1.19E+05,310608,118331,1.19E+05,1
15064,1600,117961,118327,118507,118054,120514,117887,118055,1
39230,5717,117961,118300,124725,118321,117906,290919,118322,1
75834,3889,117961,118386,121668,117905,240983,290919,117908,1
77466,50520,118192,118193,117895,117879,118250,19721,117880,1
28294,46704,91261,118026,118202,117905,117906,290919,117908,0
312139,3966,117961,118343,122012,117905,240983,290919,117908,1
28572,4622,118212,118580,117878,133111,125539,118870,133113,1
29634,49283,117961,118300,119195,118321,117906,290919,118322,1
73876,70243,117961,118327,118492,118747,125738,118453,118749,1
42031,123520,118315,118463,118522,119172,140786,118467,119174,1
29570,17196,120864,121013,124266,118422,300136,118424,118425,1
14925,20361,117961,117962,118352,118321,117906,290919,118322,0
44987,15006,117961,118327,120559,120773,123107,118960,120774,1
23096,23144,117961,118225,118403,120690,120690,290919,120692,1
3826,154,117961,118413,121639,118321,117906,290919,118322,1
35343,1913,117902,117903,118783,120952,122352,118453,120954,1
39392,19834,117961,118052,120096,120097,174445,270488,120099,1
25830,20102,117961,118327,123757,122129,187084,121916,122131,1
1020,7344,117961,118225,120663,123648,127917,120518,123650,1
37260,79403,117983,117984,117878,118568,292195,19721,118570,1
1020,17759,117961,118413,122007,118536,118536,308574,118539,1
40848,7067,117961,118225,118403,117905,117906,290919,117908,1
59020,1012,117961,118225,119924,118321,117906,290919,118322,1
39331,71189,117961,118386,121883,1.20E+05,168365,118205,1.20E+05,1
37807,58692,117926,118124,117941,1.18E+05,117886,19721,1.18E+05,1
20292,547,117926,117927,117884,117885,117913,117887,117888,1
75078,87910,91261,118026,119507,118278,118260,290919,118279,1
79121,17218,117961,118300,118395,118396,300044,118398,118399,1
43087,5244,117961,118343,119598,118321,240983,290919,118322,1
7543,5636,117961,118413,122007,118321,117906,290919,118322,1
4673,17831,117961,118300,121305,121594,131163,4673,121596,1
27785,4871,117961,118300,125872,120006,159698,118424,120008,1
34924,74831,117961,118327,118391,118784,117906,290919,118786,1
77977,820,117961,118300,123719,118777,279443,308574,118779,1
43633,30534,117961,118343,119142,118321,150358,290919,118322,1
75216,15581,118256,118257,117945,118995,118806,292795,118997,1
78176,671,117961,117962,118352,118321,117906,290919,118322,1
43022,7284,91261,118026,118202,118321,117906,290919,118322,0
92911,23200,117961,118343,123125,118784,117906,290919,118786,1
25993,58466,118602,118603,118008,118568,118568,19721,118570,1
19722,7491,117961,118300,119181,117905,240983,290919,117908,1
30584,7785,118573,118574,117945,259173,127423,292795,118943,1
6977,4576,117961,118327,118391,118321,117906,290919,118322,1
35469,5385,117961,118343,122012,1.20E+05,168365,118205,119964,1
33111,795,117961,118225,120551,117905,117906,290919,117908,1
74302,1475,117902,117903,118450,119192,150602,119184,119194,1
74954,16527,91261,118026,118229,118203,190841,118205,118206,1
79092,20965,117961,118300,19772,120628,278014,118131,120629,1
7543,49283,117961,118300,119195,118321,117906,290919,118322,0
78606,7560,117961,118300,119195,117905,117906,290919,117908,1
34026,86285,117961,117969,118673,123082,131110,19793,123084,1
37624,1012,117961,118225,119924,117905,240983,290919,117908,1
43494,7460,117961,118300,118783,117905,240983,290919,117908,1
40897,32242,117961,118327,118929,118321,118785,290919,118322,1
21402,7021,117961,118300,118783,118784,287626,290919,118786,1
79342,7445,117961,118343,122299,118054,305057,117887,118055,1
391,547,117926,117927,117884,117885,117913,117887,117888,1
16639,3116,117961,118300,147589,118912,309291,118424,118914,1
34331,4549,117961,118225,120050,117905,117906,290919,117908,1
0,71215,117961,118386,118404,118784,118785,290919,118786,0
2252,15784,117961,118343,128639,118777,279443,308574,118779,0
7543,17713,117961,118225,120663,117905,117906,290919,117908,1
35648,4100,118290,118291,124668,118293,118294,118295,118296,1
35539,7519,91261,118026,118202,119962,168365,118205,119964,1
35050,6995,117961,117962,118352,118321,117906,290919,118322,1
22271,3526,117961,118225,120323,119093,121698,119095,119096,1
28564,52423,119665,119666,117895,118568,267952,19721,118570,1
45089,1947,120140,120141,120559,120560,289275,118643,120562,1
6960,4659,117961,118225,120663,118321,117906,290919,118322,1
27623,1088,117961,118327,119830,118321,117906,290919,118322,1
1020,15990,117961,118413,125133,119849,128470,118638,119851,1
73100,27104,117961,118327,118507,121527,128634,118398,121529,1
34924,6727,117961,117969,6725,125687,259130,6725,125689,1
4675,71391,117961,118386,118522,118318,128948,118205,118319,1
43294,4566,119062,119091,118992,118028,130134,117887,118030,0
81350,17264,117961,118300,118825,118459,251992,249618,118461,1
45806,77950,117916,118150,117941,118568,281735,19721,118570,0
28322,1755,117961,117962,119223,125793,139296,118643,125795,1
79035,51226,117961,118327,118320,124886,164752,118643,124888,1
39883,311198,91261,118026,122392,273308,177669,249618,118232,1
45652,4549,117961,118225,120050,117905,117906,290919,117908,1
40729,770,117961,118300,119181,119346,302830,4673,119348,1
37624,1012,117961,118225,119924,117905,117906,290919,117908,1
26323,4567,117961,118300,118514,119962,168365,118205,119964,1
75078,71203,117961,118386,118522,118321,117906,290919,118322,1
23497,3918,117961,118343,118660,118912,309291,118424,118914,1
17308,5043,117961,118300,118458,118523,129545,118331,118525,1
20364,125466,117902,117903,120171,120990,262257,118398,120992,1
75078,2343,119691,119692,118635,122967,311441,119695,122969,1
27785,1806,117961,118413,122007,118321,117906,290919,118322,1
34817,25262,117961,118327,118320,118685,310608,308574,118687,1
80757,6232,117961,118343,118437,120516,185973,120518,120519,1
19946,19623,117961,118225,118403,118321,117906,290919,118322,1
19310,31155,5110,117954,122672,133111,260573,118870,133113,1
39472,7459,5110,117954,122672,118685,223708,308574,118687,1
86180,5093,117961,118446,124170,118396,233714,118398,118399,1
18418,20412,117890,117891,117878,117879,117879,19721,117880,1
18072,20237,119280,119281,118623,118995,286106,292795,118997,1
38659,3295,118169,118170,118042,118563,158413,270488,118565,1
31825,16687,119134,119135,120054,118702,303995,118704,118705,1
79030,25237,117961,117962,118910,117905,117906,290919,117908,1
25874,23338,117961,118052,122392,118207,174445,270488,118209,1
917,4511,117961,118300,119181,117905,290919,290919,117908,1
17278,3973,118887,118888,118631,120789,309694,118424,120791,1
31492,2612,117961,118327,123901,118784,121873,290919,118786,1
41470,3949,117961,117962,118352,118777,279443,308574,118779,1
22662,56154,117961,117969,19666,120647,156708,118398,120649,1
106873,13419,117961,118300,120059,120313,127733,118424,120315,1
37734,79835,118090,118091,119424,179731,138273,117887,117973,1
89859,42230,117961,118327,118744,118321,117906,290919,118322,1
45349,61948,118163,118164,117878,117879,208308,19721,117880,1
76446,8074,117961,118300,119181,117905,240983,290919,117908,1
17226,52394,117961,118300,118458,119928,310608,118331,119929,1
115477,20170,117961,118413,120526,130857,279443,308574,130858,1
932,6225,117961,118343,120722,118784,117906,290919,118786,1
25042,117887,117961,117969,123766,162860,162861,155173,162862,1
80024,46,119920,119921,185576,118321,117906,290919,118322,1
104259,7551,117961,118052,118867,118321,117906,290919,118322,1
23567,7495,117961,118225,119924,122551,128532,118762,122552,1
6977,2983,117961,118343,118700,1.18E+05,117906,290919,1.18E+05,1
35916,7490,118349,118350,122672,124537,125539,118870,124539,1
35733,4743,119062,130600,120663,117905,117906,290919,117908,0
85732,3788,117961,118343,120722,118784,117906,290919,118786,1
38480,84558,117893,117894,117895,117896,117897,117887,117898,1
15662,17835,117961,118225,118403,121594,170665,4673,121596,1
21915,25772,118006,118007,117941,117879,117897,19721,117880,1
35296,141,117961,118225,122273,118321,117906,290919,118322,1
80853,17713,117961,118225,122273,117905,117906,290919,117908,1
35792,46170,118290,118291,118889,118863,307233,118398,118865,1
7678,26615,117961,117969,19666,123131,123132,118478,123133,1
7543,3788,117961,118343,120722,118321,117906,290919,118322,1
17308,4837,117961,118300,120026,118054,119601,117887,118055,1
40997,8430,117961,118225,118403,117905,117906,290919,117908,1
15022,25607,117961,118343,118856,118321,117906,290919,118322,1
16293,1117,117961,117962,118352,117905,240983,290919,117908,1
29123,8375,119691,119692,118635,174391,117906,119695,174393,1
80859,8030,117961,286791,286792,117905,117906,290919,117908,0
45876,14798,117961,118386,118746,128230,302830,4673,128231,1
39883,24973,91261,118026,118229,119004,257970,119006,119007,1
39262,59785,91261,118026,120671,121143,247469,249618,121145,1
78241,19622,117961,118225,118403,118321,117906,290919,118322,1
74610,18310,118216,118217,118846,179731,123998,117887,117973,1
20733,7320,5110,117954,122672,128197,273102,119772,128199,1
31842,87977,117926,117927,117884,118568,122535,19721,118570,1
45080,2144,118582,120216,117878,119192,135350,119184,119194,1
75639,22952,117961,118386,119214,118321,117906,290919,118322,1
20351,6216,117961,118052,118328,124886,306399,118643,124888,1
25993,33266,216705,119256,129526,119849,160290,118638,119851,1
3853,7576,117961,118052,119742,117905,117906,290919,117908,1
30636,14855,117961,118300,123719,118451,153802,118453,118454,1
28069,14800,117961,117962,118352,179731,162809,117887,117973,1
35908,3944,117961,118343,118514,118321,117906,290919,118322,1
24884,4263,121785,121786,119142,118321,117906,290919,118322,1
15361,88570,117961,118413,120370,117905,117906,290919,117908,1
109365,1949,117918,117919,117920,118568,125937,19721,118570,1
42093,6137,117961,118225,119924,118259,117906,290919,118261,1
6977,1249,117961,117962,118910,117905,117906,290919,117908,1
40997,59748,117961,118386,121961,118784,117906,290919,118786,1
27416,1549,118084,118085,117920,118129,132803,118131,118132,1
43757,16566,117961,118327,120559,120618,304465,118643,120619,1
14354,5101,117961,118300,127849,118826,236735,118424,118828,1
932,3077,117961,118300,120312,124194,124195,118363,124196,1
25993,3623,117961,118343,121747,307024,306404,118331,118332,1
79092,17616,117961,118225,120054,118702,122081,118704,118705,1
28149,18686,117961,118386,128823,118321,117906,290919,118322,1
25993,16098,117961,118327,120171,120647,240979,118398,120649,1
26956,18686,117961,118386,121883,118321,117906,290919,118322,1
25280,3954,117961,118343,120291,118422,300136,118424,118425,1
25975,6018,117961,118413,122007,118321,117906,290919,118322,1
15064,53300,117961,118327,117970,179731,118877,117887,117973,1
34145,5192,119596,119597,118825,118293,118294,118295,118296,1
39445,17002,5110,117954,117895,118568,157237,19721,118570,1
6689,7285,117961,118225,118403,118054,158055,117887,118055,1
77561,64779,118003,118004,117878,117879,117879,19721,117880,1
87008,2113,117951,117952,117920,118568,124610,19721,118570,1
75787,15615,118752,118753,119121,280788,280788,292795,119082,1
16191,4589,117961,118327,120383,117905,240983,290919,117908,1
34182,311683,118887,118888,124656,118422,149364,118424,118425,1
79121,4928,117961,118343,123055,120006,128578,118424,120008,1
75078,71203,117961,118386,118522,118321,123513,290919,118322,1
13878,58488,117916,117917,117920,118568,186980,19721,118570,1
22390,51096,119596,119597,124266,118728,272276,118295,118730,1
21305,8505,117961,117962,118352,118321,117906,290919,118322,1
80430,6278,117961,118343,120722,117905,240983,290919,117908,1
1020,8606,117902,118041,118575,119949,131270,290919,119951,1
79053,13135,117961,118225,120535,118368,118368,117887,118486,1
39264,16900,118256,119428,118623,117946,119722,292795,117948,1
19998,7525,117961,118225,120551,117905,117906,290919,117908,1
35498,17223,117961,118225,120535,123067,269406,118398,123068,1
34958,8487,117961,118327,118320,118784,121873,290919,118786,1
23968,3116,117961,118300,147589,118054,118054,117887,118055,1
74986,86171,118953,118954,117920,119323,129197,19793,119325,1
80381,2270,117961,118413,120584,120773,118959,118960,120774,1
43451,3800,117961,118225,118403,118321,117906,290919,118322,1
16443,7076,117961,118225,120041,119093,139668,119095,119096,1
